"timestamp","original","mimetype","digest"
"20140216171049","http://ricegroupinc.com/admin/Graphics/topnav_bkg.jpg","image/jpeg","EKEBD24WGQ7A6N32JYXS4ONYAMOXE7MS"
"20160116050953","http://ricegroupinc.com/Admin/JS/WizardV1.js","application/x-javascript","76UQIBFLMTCWZCOQNA4S2ZKFEIEBZAAE"
"20140216045329","http://ricegroupinc.com/Apps/DynamicContent/DynamicContentListingsFramedWidget.aspx?FileName=HomePage.x","text/html","26FNNSCLADOKY3GERC2SU2ZI74PJRDSI"
"20160116171740","http://ricegroupinc.com/Apps/DynamicContentAdmin/Images/FaceBook_56.png","unk","PJ7CEPEMNRT4HFRGKYF3RN54AZCYY3WN"
"20131127081851","http://ricegroupinc.com/Apps/DynamicContentAdmin/Images/LinkedIn_56.png","image/png","7XP663SC7KPSUBMA75P5EGDOHWW4OGXD"
"20131127081643","http://ricegroupinc.com/Apps/DynamicContentAdmin/Images/Twitter_56.png","image/png","DLWCNVNB4OP4TUUTLI66UH4CMTG77NP3"
"20140216182631","http://ricegroupinc.com/Behaviors/maxlength.htc","text/x-component","UZFZFTZLLEX2K5VCRMXMFMWRXCEW57CY"
"20110208051557","http://ricegroupinc.com/Behaviors/xpbutton.htc","text/x-component","KPKZ7QWKG6R7DMD5BIY34GXWUUNVSISC"
"20131127081607","http://ricegroupinc.com/chat/js/Ajax4SoapBox.js","application/x-javascript","IHZJQGXRIEUNNAULEBB37CLSCXEJ2F5R"
"20131127084439","http://ricegroupinc.com/chat/js/Ajax4SoapBoxMethods.js","application/x-javascript","S3NZK5NJI6UCFYTBFL3PPFVWBXEQVK4N"
"20131127084435","http://ricegroupinc.com/chat/js/chat.js","application/x-javascript","IK4KXBUACKDTZV4WKXH3VLAV32JGB2DA"
"20131127081839","http://ricegroupinc.com/chat/js/connection.js","application/x-javascript","A2AFKE7AEMHFPXUUVLP3U6NQWJYQG7S4"
"20131127082706","http://ricegroupinc.com/chat/js/event.js","application/x-javascript","7DI3DFEVHGA7WCYVM26ZZ5VZ7NIJF3V6"
"20131127082806","http://ricegroupinc.com/chat/js/yahoo.js","application/x-javascript","N7EHVQO5KVLB3NWVA7FPN4N76H6WDNQ7"
"20150123164057","http://ricegroupinc.com/css/bootstrap-3.1.1/bootstrap.css","unk","PQAEZ3XRIYTN3VKHQAYTJPBSQUG2RMW7"
"20171106211344","http://ricegroupinc.com/CSS/Provided_Themes/base/theme.css","unk","JNCJZRRLFCPNWSFFU2KWTVBODSNC3Y47"
"20221214012605","http://ricegroupinc.com/favicon.ico","image/x-icon","3I42H3S6NNFQ2MSVX7XZKYAYSCX5QBYJ"
"20110208051544","http://ricegroupinc.com/graphics/clipart/agents/btn_left.png","image/png","2SQ6LGL5NRHWX7JGRMEAK2W3CVJAHECV"
"20140215234341","http://ricegroupinc.com/graphics/clipart/agents/btn_right.png","image/png","VUOIDB52LCQU23M55GIGDLK6CQEMIS3E"
"20140215161259","http://ricegroupinc.com/graphics/clipart/agents/btn_stretch.png","image/png","D6CZPIR2HEQO7SXGH5U336Y32YZQA4YP"
"20140216074854","http://ricegroupinc.com/graphics/clipart/Agents/forSale.jpg","image/jpeg","XWP6KGWUVN5NQIBL25UZBTQFCK7IHGMT"
"20140215151237","http://ricegroupinc.com/graphics/clipart/appraisers/action_button3.png","image/png","RVDMAZ4HGTIZPASQLLGCHFYV3QP4DWZH"
"20140216150030","http://ricegroupinc.com/graphics/LeadCaptureContent/btn-gradient-gray.png","image/png","IMPUNYSSDFWJITYF4KNT3KZ5QBAC7ICY"
"20160605063936","http://ricegroupinc.com/graphics/linktree-last.gif","unk","GQ6PO33S5CMEJXZY6TL67KMSQQEACZ6F"
"20160605033838","http://ricegroupinc.com/graphics/linktree.gif","unk","SVNKSJCFV6BH533OOVMWOZRR7UFGZT5U"
"20131127082417","http://ricegroupinc.com/graphics/shim.gif","image/gif","V2DIA7I4ZC5C6ZNQA5ACAPBGSNNKSVUH"
"20160816042925","http://ricegroupinc.com/listingproperties/2164/default.aspx","text/html","64OONIJ2CKFEZY7ML7C3IZKQV3B2EDJS"
"20170217112119","http://ricegroupinc.com/listingproperties/2166/default.aspx","text/html","NZF5NQBFNK23SLGEMUDWBDDDEQ6347KC"
"20170216221837","http://ricegroupinc.com/listingproperties/2167/default.aspx","text/html","TGRLYEHYHLMVFXGWIBIFJEKENPRCCGWP"
"20160816062156","http://ricegroupinc.com/listingproperties/2168/default.aspx","text/html","MFURNX3ZKSQBLDCOTITNJIHNVRD4MIVE"
"20170216232634","http://ricegroupinc.com/listingproperties/2170/default.aspx","text/html","E5W6RTQRVGC5XTXHV6LT6ERMUUQUIAFL"
"20170216231035","http://ricegroupinc.com/listingproperties/2174/default.aspx","text/html","A6LEI4PE42MEBSSLS5HDPWHEQCLF7SZY"
"20160816090154","http://ricegroupinc.com/listingproperties/2176/default.aspx","text/html","DKJPENSECTKZ5N5W26BC22346IJABHYK"
"20170216232636","http://ricegroupinc.com/listingproperties/2177/default.aspx","text/html","QGNBJGGTM4W2GO6UNMT62Q3RZZELLLVC"
"20170217050859","http://ricegroupinc.com/listingproperties/2178/default.aspx","text/html","GABMV4YRNNNWGNDV22CE7HIYM7TMZEK3"
"20170217061051","http://ricegroupinc.com/listingproperties/2179/default.aspx","text/html","MXEZ65BZ3TZRCL64DH5KDIFRJPSPNDKT"
"20160816064350","http://ricegroupinc.com/listingproperties/2181/default.aspx","text/html","C4VU4CMAKSAK7CSWWZNHHNEDU4QG442C"
"20170217085219","http://ricegroupinc.com/listingproperties/2182/default.aspx","text/html","LW7EICHAIDUVFYAQ2SSK523XTRPMVMFI"
"20170216174009","http://ricegroupinc.com/listingproperties/2184/default.aspx","text/html","TGPQ3S5JDNB3SBTRGFMCKJRIBTNAKVMJ"
"20170217051245","http://ricegroupinc.com/listingproperties/2185/default.aspx","text/html","LRWO37ADBJAK2NXPTHNSEWZQOO2FBSWJ"
"20160816081850","http://ricegroupinc.com/listingproperties/2186/default.aspx","text/html","SL6IO2YYATUKDUUPTTPTMWVPYCZX2L73"
"20170216231433","http://ricegroupinc.com/listingproperties/2188/default.aspx","text/html","46YBS5ISDR3CZMDC5NVTX2H2PQXVHZVZ"
"20170217112214","http://ricegroupinc.com/listingproperties/2189/default.aspx","text/html","TZIGKLGJANMGWJG7QSNNSKKOONJOSKHC"
"20160816065249","http://ricegroupinc.com/listingproperties/2191/default.aspx","text/html","UZFYLQ2OG63TDORCZZ7PNGI2BTQJE7VV"
"20170216232753","http://ricegroupinc.com/listingproperties/2193/default.aspx","text/html","Q2UVTT6AW4LHJLEYZLTAWLYDWJ2WZ3OR"
"20170217052049","http://ricegroupinc.com/listingproperties/2195/default.aspx","text/html","MCITTR2HLKD7N36H53WDJ7ZI5IFOAYS5"
"20170217053052","http://ricegroupinc.com/listingproperties/2196/default.aspx","text/html","MWFADP2ITZHMOJQ4XE4RPOZFH5WQVXRY"
"20170217002229","http://ricegroupinc.com/listingproperties/2197/default.aspx","text/html","ASJVH2J6AGGPFEQWWGKVPEM3CIJNCJH2"
"20170216233132","http://ricegroupinc.com/listingproperties/2198/default.aspx","text/html","SYQRWO3337JMD6ZBA5H2KI37SLN724WD"
"20170217080004","http://ricegroupinc.com/listingproperties/2199/default.aspx","text/html","ZBXJPH543437SLXHVHFXPPQLIOIRMVMT"
"20170216232623","http://ricegroupinc.com/listingproperties/2201/default.aspx","text/html","7WQIVBUI6DJ4D4QCRRLOP3PLO6YYIRDK"
"20170217064910","http://ricegroupinc.com/listingproperties/2203/default.aspx","text/html","3V7G5EW3DEY6WLWMXLNIA47LSVAIFFJT"
"20170217052127","http://ricegroupinc.com/listingproperties/2204/default.aspx","text/html","OBUEOY23WCYR64QHM4HNSHKGFTTMJ275"
"20170216232631","http://ricegroupinc.com/listingproperties/2206/default.aspx","text/html","JW5HUN7DEJ7QDMRSBWVUVJZTLPSK2JIH"
"20170217113710","http://ricegroupinc.com/listingproperties/2207/default.aspx","text/html","KBSD3HIFHZO72EUWI7JVJ6NAWILHUQ3T"
"20170217051815","http://ricegroupinc.com/listingproperties/2209/default.aspx","text/html","47TP7VFLKKGQCO76B5WFSZQWNRTROHKD"
"20170216234658","http://ricegroupinc.com/listingproperties/Abbott_/default.aspx","text/html","M6YJKX6LZK5UIKXUKRN2WSOD5LOFXDOS"
"20170217051905","http://ricegroupinc.com/listingproperties/Abilene__/default.aspx","text/html","6BIMW2XWBKTZI45H72KVTS6CZ2BC2ZZO"
"20170217090444","http://ricegroupinc.com/listingproperties/Addison_/default.aspx","text/html","2GBTSK6PTATNC24FBFQCXD27IIID2QON"
"20170217052012","http://ricegroupinc.com/listingproperties/Alba_/default.aspx","text/html","7ZMRD7OG5EYCDXZYKYZ3P5MOUONJR7UI"
"20170217035812","http://ricegroupinc.com/listingproperties/Albany/default.aspx","text/html","LOKYWNCVCWJ3CLASHRXJY3FJ4XUYYEMY"
"20170217051733","http://ricegroupinc.com/listingproperties/Aledo_/default.aspx","text/html","SYLVH4UVHEIDGICY6YB46HW5JSW4MUHT"
"20170217113732","http://ricegroupinc.com/listingproperties/Allen_/default.aspx","text/html","VM2Z2U6B6YB5RFPDU2XXUBH5DHMT35PV"
"20170216231643","http://ricegroupinc.com/listingproperties/Alma_/default.aspx","text/html","ED7TGAKXB6SPLID7QQHL26YKTLZBHFQZ"
"20170216231038","http://ricegroupinc.com/listingproperties/Alvarado_/default.aspx","text/html","7VBTKEWNULS4OZNM3MKOMAV3ZFKFDSZM"
"20160816075334","http://ricegroupinc.com/listingproperties/Alvin_/default.aspx","text/html","EFG4SLE6T4KIWLNDPJRNC4AZDOWLWCUL"
"20170216234721","http://ricegroupinc.com/listingproperties/Alvord_/default.aspx","text/html","HTSAOSFAW4JCDZVEDQAFTZKQIOTVX2BS"
"20170217112028","http://ricegroupinc.com/listingproperties/Amarillo__/default.aspx","text/html","BQGWC77E7OA7OFLF56AZPERMCGKDPPB6"
"20170217113702","http://ricegroupinc.com/listingproperties/Ames_/default.aspx","text/html","YWGOWSPEXI2X5GUMWECUEZ7WADP4LAVZ"
"20170217051740","http://ricegroupinc.com/listingproperties/Anahuac_/default.aspx","text/html","JTJA5W2SXFEI7CICTYD6PKWOUDI3FEXQ"
"20170216182527","http://ricegroupinc.com/listingproperties/Andrews_/default.aspx","text/html","TKF2GVNCOJCJKXMEQGXSN3D4ZL7LG4O4"
"20170217013212","http://ricegroupinc.com/listingproperties/Angus_/default.aspx","text/html","VZE3MWUACZII4JGI3HZ4BHZDTMDZDLI7"
"20170216171320","http://ricegroupinc.com/listingproperties/Anna_/default.aspx","text/html","O3QH4RSMALLFIUVIJERQD3NFCVTMT4F3"
"20170217070513","http://ricegroupinc.com/listingproperties/Annetta_/default.aspx","text/html","PZAMWOWFBJAPENJMD3VTP6GWYE5CWO6Q"
"20170217052144","http://ricegroupinc.com/listingproperties/Annona_/default.aspx","text/html","AP6BMFABJIGNDC7AZT6HUWSRZWOBLPHF"
"20170216234742","http://ricegroupinc.com/listingproperties/Anson_/default.aspx","text/html","SC7MQL2ONSO74CYYTVCBKYBV63RX7F6J"
"20160816045833","http://ricegroupinc.com/listingproperties/Aquilla_/default.aspx","text/html","LEVBIGRMJH46OFDZ6WTQDROEPGMI3P6Y"
"20170216212708","http://ricegroupinc.com/listingproperties/Archer_City/default.aspx","text/html","7PBFGJJVQANZKJGMH4RDHCNYFFDMCKIM"
"20160816045001","http://ricegroupinc.com/listingproperties/Ardmore/default.aspx","text/html","C5MT7I3FEJO32YGIXKS4NDIJGTB3NKQU"
"20170216232611","http://ricegroupinc.com/listingproperties/Argyle_/default.aspx","text/html","COBDOVJ5YOIACBHMLXYNYOR3JV466LP6"
"20170216231232","http://ricegroupinc.com/listingproperties/Arlington_/default.aspx","text/html","YYAOQ3SW5L6JY46XYDAN5BXL6TYSEFGT"
"20170217052100","http://ricegroupinc.com/listingproperties/Arp_/default.aspx","text/html","J4Q7VHUYXQQKFVWIH6CEH5SP6GNXO56W"
"20170216232637","http://ricegroupinc.com/listingproperties/Arthur_City/default.aspx","text/html","TT676PO2VBDJ5JQQ7ZAAEO3WBESLY3BM"
"20170216230932","http://ricegroupinc.com/listingproperties/Aspermont_/default.aspx","text/html","24ZSYPFKVPS2KE5UFEUKXRUACSLL27QU"
"20170217062100","http://ricegroupinc.com/listingproperties/Athens_/default.aspx","text/html","IUSPBQJ7NHCBSEK3U6AJJQSKWIR5PBX6"
"20170216232603","http://ricegroupinc.com/listingproperties/Atlanta_/default.aspx","text/html","JPQV76FHBV2SZ5ZY266BSFTQRHS7TJT3"
"20170217051722","http://ricegroupinc.com/listingproperties/Aubrey_/default.aspx","text/html","JSFEHY6LT4OKC2AQSRC47CW4KPU3PEGW"
"20160816070127","http://ricegroupinc.com/listingproperties/Aurora_/default.aspx","text/html","OAVI2DSVACX7D7OSDKDL4M2GXY72HW2A"
"20170217113424","http://ricegroupinc.com/listingproperties/Austin__/default.aspx","text/html","FPJQSLH3RBM5KJG5QW4GWDVEKGBWRPPZ"
"20170217003707","http://ricegroupinc.com/listingproperties/Avalon/default.aspx","text/html","V4IU3IX2PP74RGGLAD66GWFAT5GXEKS2"
"20170217001154","http://ricegroupinc.com/listingproperties/Avery_/default.aspx","text/html","34AVEITPNT7OALA4K5TXAGGZETGRC3Y4"
"20170216232416","http://ricegroupinc.com/listingproperties/Avinger_/default.aspx","text/html","SN3DILWKW75LWLH2ZBO7IR6L45N5I6HQ"
"20170217092313","http://ricegroupinc.com/listingproperties/Avoca/default.aspx","text/html","IRVGI6SYTNF73ZUXELU66OQFJZVPD35M"
"20170217020117","http://ricegroupinc.com/listingproperties/Axtell/default.aspx","text/html","ARMLYVSKT4NQKO5UJN7K3L3W7XPYJLV4"
"20170217112248","http://ricegroupinc.com/listingproperties/Azle__/default.aspx","text/html","EAO4NFNJTCJF3KORKID5ZOMENGN563GR"
"20170217052123","http://ricegroupinc.com/listingproperties/Bagwell/default.aspx","text/html","4WJDHOENKXK7QB5MPNDQIRHGEYSITXLU"
"20170217085614","http://ricegroupinc.com/listingproperties/Bailey_/default.aspx","text/html","YIOXIWSBPB5GE7ZJLGOJU53YUQ27IKAA"
"20170217033951","http://ricegroupinc.com/listingproperties/Baird_/default.aspx","text/html","IEEE2KPRZA3YPGCVMD3VLA6HPWGQNYBH"
"20170217112252","http://ricegroupinc.com/listingproperties/Balch_Springs_/default.aspx","text/html","QWTE4OHMXPPY4YIJYQUKJ7MQXWEBC5FO"
"20160816073625","http://ricegroupinc.com/listingproperties/Ballinger_/default.aspx","text/html","SE7XNCBFS5P24CCZP2LTLT36ZPP7MSNE"
"20170216220945","http://ricegroupinc.com/listingproperties/Bandera_/default.aspx","text/html","STXTM3YRS2SLHD3X7DM6PD5NU2XPLLC7"
"20170217005415","http://ricegroupinc.com/listingproperties/Bangs_/default.aspx","text/html","VDDO4Q3XXOBFQIUTLHFXLUXNFR45VH22"
"20170217051828","http://ricegroupinc.com/listingproperties/Bardwell_/default.aspx","text/html","U7FI3V7OCRCM2AOUQXOTWHCWLHLQEKXZ"
"20170217000858","http://ricegroupinc.com/listingproperties/Barry_/default.aspx","text/html","B4YQFJNSIML6K4726MQBAOFS3ELVRAIG"
"20170216231302","http://ricegroupinc.com/listingproperties/Bartonville_/default.aspx","text/html","JAIUMAHEG7GYHDCHAHVU4XRUCMC5RLYQ"
"20160816093427","http://ricegroupinc.com/listingproperties/Batonrouge/default.aspx","text/html","FJKFW7EP7I24IZUMDM74AK6JYT45GLWC"
"20160816060537","http://ricegroupinc.com/listingproperties/Battiest/default.aspx","text/html","3RCGRXEQ7JKB2425UBM5PIDUJ6U4RBS6"
"20170216231147","http://ricegroupinc.com/listingproperties/Beaumont_/default.aspx","text/html","QIYWJKBFK7ZMLN2Q3D2M2RLLILKO53DV"
"20170217113729","http://ricegroupinc.com/listingproperties/Beckville_/default.aspx","text/html","WJ6DVIICPU36FO3F5EY3HPIQ2FPKPQW5"
"20170217112217","http://ricegroupinc.com/listingproperties/Bedford_/default.aspx","text/html","N3GOUJVBUVCJJAZLEISALDXKLJWUJR2D"
"20160816033743","http://ricegroupinc.com/listingproperties/Beeville_/default.aspx","text/html","LFFBTSPOMT4BFLD3ZIFGG2Q24EFNZNYJ"
"20170217051836","http://ricegroupinc.com/listingproperties/Belize/default.aspx","text/html","CXV3F3HWYT5D7GA535FF7QW4ISSYJIDG"
"20170217113725","http://ricegroupinc.com/listingproperties/Bellevue_/default.aspx","text/html","GLT7L274E7KZDKISVIMMLKJEABLKNCUO"
"20170217112055","http://ricegroupinc.com/listingproperties/Bellmead_/default.aspx","text/html","F7LPNLCPQ5BK7DTCHNRZHQGTCCTFLEI4"
"20170217035431","http://ricegroupinc.com/listingproperties/Bells_/default.aspx","text/html","4ATEPVUUK4VWSHAETKJUBH5WLFOD3DSZ"
"20170216231017","http://ricegroupinc.com/listingproperties/Belton_/default.aspx","text/html","4DXCFEPYRQY3GEQUWZC5G7AUCOEQAARS"
"20170217052140","http://ricegroupinc.com/listingproperties/Ben_Franklin/default.aspx","text/html","UAU276FMSQK7IRFIFKCEKC2EBELDZSBM"
"20170217052016","http://ricegroupinc.com/listingproperties/Ben_Wheeler/default.aspx","text/html","RW3FUFYVI32DJRFBFISJFB7A6SSVMWQN"
"20170217000232","http://ricegroupinc.com/listingproperties/Benbrook_/default.aspx","text/html","N5GQIG7C3D7XTRBRNTURBKMV2K75BOIO"
"20170216202945","http://ricegroupinc.com/listingproperties/Benjamin_/default.aspx","text/html","EMNXOBCTN52G7VHEDSS6QUNWH7VVXQZF"
"20170217051851","http://ricegroupinc.com/listingproperties/Berryville_/default.aspx","text/html","IJ6NO33XP23S6H2MXPBNLQQGQSGPDMEK"
"20170217054051","http://ricegroupinc.com/listingproperties/Big_Sandy_/default.aspx","text/html","MYPFYA5U33CXN6CRGYCZW6JQWHDVZ6RW"
"20170217052012","http://ricegroupinc.com/listingproperties/Big_Spring_/default.aspx","text/html","TIY7RL3YCM4ZC44SN645SSIVY672ZZX2"
"20170217052131","http://ricegroupinc.com/listingproperties/Birome/default.aspx","text/html","VPAKPOZN4PL3ZZREJ7BG2G2PDCTVJBY4"
"20160816090703","http://ricegroupinc.com/listingproperties/Blackwell__/default.aspx","text/html","2FSDJHT5PXOSATUXRPY7H7OLAB6DRZLH"
"20170216200232","http://ricegroupinc.com/listingproperties/Blanket_/default.aspx","text/html","BNLHT5HABJA4QXXKORY26F4X46QYTTAF"
"20170216232550","http://ricegroupinc.com/listingproperties/Blooming_Grove_/default.aspx","text/html","K753YHJKNHFETFNUTOSEPBNCHG3YAADH"
"20170216232908","http://ricegroupinc.com/listingproperties/Blossom_/default.aspx","text/html","QF4CTRFPP4GDBBK46CTBUZAXBQEOVP35"
"20170217113133","http://ricegroupinc.com/listingproperties/Blue_Mound_/default.aspx","text/html","ETCXSOH7NJJUISV5YDWLD4546MVX7YAG"
"20170217051109","http://ricegroupinc.com/listingproperties/Blue_Ridge_/default.aspx","text/html","I24AGDWB4IJAQSVZ2L6OOYKOMSQR3MIV"
"20170216232836","http://ricegroupinc.com/listingproperties/Bluff_Dale/default.aspx","text/html","KIETTIMWLMFF5HZBUUQNHHCJKRLP4XQP"
"20170217050948","http://ricegroupinc.com/listingproperties/Blum_/default.aspx","text/html","FKDEXWUPGHZ4G3E7S6V7UJDXC3QP7CWH"
"20170217010847","http://ricegroupinc.com/listingproperties/Boerne_/default.aspx","text/html","K7PO57PS6JAZDE52IWTGGL3YYHX5GYCV"
"20170216202433","http://ricegroupinc.com/listingproperties/Bogata_/default.aspx","text/html","6X35P2NMSQDOPDOUFJ2ZHBZ64VECBA7K"
"20160816053024","http://ricegroupinc.com/listingproperties/Bokchito/default.aspx","text/html","UZBNM6GX3XZLITWDKKNXTRYLWNDJBDRZ"
"20170217091324","http://ricegroupinc.com/listingproperties/Bonham_/default.aspx","text/html","ROSO3HZMW3ILAA4NGNQL6OGWCGUF7FBM"
"20170216232426","http://ricegroupinc.com/listingproperties/Borger/default.aspx","text/html","76YO7J6RYY7BDOYPAEOGRKCZW53XKYE7"
"20170217053010","http://ricegroupinc.com/listingproperties/Bowie_/default.aspx","text/html","TMFR2KJNZWPDP6XUG3C3FHZMZHUX24KK"
"20170217052127","http://ricegroupinc.com/listingproperties/Boyd_/default.aspx","text/html","53CZJW5IYP6DJR7T6SM5JXBCLZLQ4QN2"
"20170216193936","http://ricegroupinc.com/listingproperties/Brady_/default.aspx","text/html","LS3DXAZPUKYUJ7UPV4XB26K4THGSKSXB"
"20160816041704","http://ricegroupinc.com/listingproperties/Brandon/default.aspx","text/html","WS7BDPPJBBMV2RSKC5NL4AW5TN36GKLO"
"20170217051757","http://ricegroupinc.com/listingproperties/Brashear/default.aspx","text/html","7UMMDJLRQMJVIABUI6T5IJXMI7PR7SFX"
"20170217050906","http://ricegroupinc.com/listingproperties/Breckenridge_/default.aspx","text/html","TGAROGCKRWKMRG63JG6ZNMDU6GNF2TRG"
"20170216195255","http://ricegroupinc.com/listingproperties/Bridgeport_/default.aspx","text/html","BVCM7P5MSFLJ3F3QPKJZYYZCRNG3NKAL"
"20170216231251","http://ricegroupinc.com/listingproperties/Brock/default.aspx","text/html","YSW6FHSEPH45KKA2Z767T66ZKALO4TPT"
"20170216183854","http://ricegroupinc.com/listingproperties/Broken_Bow/default.aspx","text/html","QLJZ4XTAXJ7WXKK4ODGO2XKNC3CEX2V2"
"20170217112043","http://ricegroupinc.com/listingproperties/Bronte_/default.aspx","text/html","VMZLLAN7CKCDX45TIKFTXOAK6V3X2PU4"
"20170216234736","http://ricegroupinc.com/listingproperties/Brookesmith/default.aspx","text/html","LTJW4TU3B5FS5H6DL67MZ7PKC47NAUB4"
"20170216203859","http://ricegroupinc.com/listingproperties/Brookston/default.aspx","text/html","DMXASJ35UMF73IA3DMILGCWR5MHWBP45"
"20170216172352","http://ricegroupinc.com/listingproperties/Brownfield_/default.aspx","text/html","PSRKOQM2PZKVCSQU46FYXNFR7BTNJN7Y"
"20170217112035","http://ricegroupinc.com/listingproperties/Brownsboro_/default.aspx","text/html","RE6Q6WC7P3HXKTJ6FWLC7AFPUOY7TT75"
"20170217052306","http://ricegroupinc.com/listingproperties/Brownwood_/default.aspx","text/html","FA4DHFWBVX7YECIUPLFH42AJ2NON2GPQ"
"20160816051600","http://ricegroupinc.com/listingproperties/Bruceville_Eddy/default.aspx","text/html","LMZ6HXTBJQKM7AC7HBO747CCGQBKPSF4"
"20170217113222","http://ricegroupinc.com/listingproperties/Bryan_/default.aspx","text/html","RMMJSAE3S6NUMDD3E6NDPJ3D2RZUOUE4"
"20170217051916","http://ricegroupinc.com/listingproperties/Bryson_/default.aspx","text/html","Z3LK3CVQDRM3UF4QL4MKCMX6N2IQV5I4"
"20170217052058","http://ricegroupinc.com/listingproperties/Buffalo_/default.aspx","text/html","6PPW5B5JJUCWXPUBZDF2C4PZDBR72VKB"
"20170217002333","http://ricegroupinc.com/listingproperties/Buffalo_Gap_/default.aspx","text/html","E75MPSTOEP7ZF5S4RL4YGO74SQPWZ2RZ"
"20170217082508","http://ricegroupinc.com/listingproperties/Bullard__/default.aspx","text/html","DF762UTJFVMXYRRKDBJK5EAQMGAOCZA3"
"20170217112123","http://ricegroupinc.com/listingproperties/Burkburnett_/default.aspx","text/html","JGROZIWC4YP6GEE5MMZ3I77Z65XXJTIY"
"20170217002739","http://ricegroupinc.com/listingproperties/Burkett/default.aspx","text/html","3TD5DRWPGZAMIAKJXGHNIA45HHBCXVZU"
"20170216232646","http://ricegroupinc.com/listingproperties/Burleson__/default.aspx","text/html","OXJVZWXHO2EZQOZV72YHJ45SDZ3X7YI2"
"20160816081842","http://ricegroupinc.com/listingproperties/Burnet_/default.aspx","text/html","Q7S2ZRF56FESEA3I3YARAIEDVL2FCNQZ"
"20170216215504","http://ricegroupinc.com/listingproperties/Burneyville/default.aspx","text/html","4UMZLG5H4J5K57TIWHWGL7ONUZGJSQI2"
"20170216202430","http://ricegroupinc.com/listingproperties/Byers_/default.aspx","text/html","R6YL5BOVEKTFAHQESN2UWKPRBH77TF7U"
"20170217070753","http://ricegroupinc.com/listingproperties/Bynum_/default.aspx","text/html","F3JFBDR5BDLG6TJHK57TJFPACTSIYRIW"
"20160816062043","http://ricegroupinc.com/listingproperties/Cabarete/default.aspx","text/html","NFYFHTCC7FSVSMEB6SLUSJR3KLNGJ4UD"
"20170217113152","http://ricegroupinc.com/listingproperties/Cabo_San_Lucas/default.aspx","text/html","XHRKIES2HPMPP6JK2ZQ2U534CK5KY3YO"
"20170217074923","http://ricegroupinc.com/listingproperties/Caddo_Mills_/default.aspx","text/html","DIIRDQQD4XNYQQFZ34HDDLD5V2WNCXRW"
"20170217112032","http://ricegroupinc.com/listingproperties/Caddo/default.aspx","text/html","Z26IDWFMUDUB2IERXHKPBDGX2BWKUUKO"
"20170216232612","http://ricegroupinc.com/listingproperties/Callisburg_/default.aspx","text/html","SH7LAKWR7NE4RHCJOTSQACVXSIBAUL4S"
"20170217091738","http://ricegroupinc.com/listingproperties/Cameron_/default.aspx","text/html","KKTKCOH5L77ZNPPRJTN3W5FPVHZIJAYJ"
"20170217112048","http://ricegroupinc.com/listingproperties/Campbell_/default.aspx","text/html","T2ZEUDEJB273RTYKYNL3CZGXBLHZLKHV"
"20170216234652","http://ricegroupinc.com/listingproperties/Caney_City/default.aspx","text/html","MURQIOKH3O2VBTLJNAYX6NMNEBPSWUJ7"
"20160816040429","http://ricegroupinc.com/listingproperties/Cannes/default.aspx","text/html","3QZL4XBLJNDNG2FSZ5U437NEMPSJLSVY"
"20170217112959","http://ricegroupinc.com/listingproperties/Canton_/default.aspx","text/html","4YGGP4NXOIX2BUHW355KEF5OHBJER37V"
"20170216173314","http://ricegroupinc.com/listingproperties/Caradan/default.aspx","text/html","RUYGWYTSOJAUCIDVRS5Q5BWY5FFYUKVD"
"20170217112143","http://ricegroupinc.com/listingproperties/Carbon_/default.aspx","text/html","O6MCNSPIKOWK4ITFY32NUEQOY4NNDZEF"
"20170216232657","http://ricegroupinc.com/listingproperties/Carlton/default.aspx","text/html","UTNLG7ZRU6XGJ7AHOWQ2N7B6V67WSCJM"
"20170216232844","http://ricegroupinc.com/listingproperties/Carrollton__/default.aspx","text/html","FMDLGHGA65EJC2HCLONKEXHJJ3MFEKRT"
"20170217113148","http://ricegroupinc.com/listingproperties/Carthage_/default.aspx","text/html","AC2VYXYVH6FZFVV7ER7Q5OWZRA2ZXNDV"
"20170217053859","http://ricegroupinc.com/listingproperties/Cartwright/default.aspx","text/html","3Q77ZPPQY4SSALRYLXJUVHPQ43NH2B4D"
"20170217051950","http://ricegroupinc.com/listingproperties/Cayuga/default.aspx","text/html","MPW3FIIZI7B2QF25LEPPUGS2GS6BLUDJ"
"20170217051917","http://ricegroupinc.com/listingproperties/Cedar_Creek_Lake/default.aspx","text/html","SWKRM454UFAY4TWV6FIYP4JG4XWR6IGY"
"20170217025119","http://ricegroupinc.com/listingproperties/Cedar_Hill__/default.aspx","text/html","Z5DGYON2V2G2UQTLVZGUEOQKBPULXUCD"
"20170216232422","http://ricegroupinc.com/listingproperties/Cedar_Park__/default.aspx","text/html","3IRVKIU5EHBTH5BC2X3E2MTBZ4ALLC5N"
"20170217071443","http://ricegroupinc.com/listingproperties/Celeste_/default.aspx","text/html","4A67N6MKB4UXVXHKWLK2NJCRGKOSIBME"
"20170217113035","http://ricegroupinc.com/listingproperties/Celina_/default.aspx","text/html","NS2NGVS4NSOQLRJWZLN3HOUI5N6SJI2W"
"20170216170658","http://ricegroupinc.com/listingproperties/Centerville_/default.aspx","text/html","BS5HMCXRMFKN3SAXSDDNLVWWOYZMGWSI"
"20170216182446","http://ricegroupinc.com/listingproperties/Chandler_/default.aspx","text/html","IYVJQM5DHTBAMYNCMVLAXINSFA54XCSY"
"20160816052139","http://ricegroupinc.com/listingproperties/Chatfield/default.aspx","text/html","AYPQ7F5XYHYXYR2NIGLIYAMRXO53SUY7"
"20170216215829","http://ricegroupinc.com/listingproperties/Cherokee/default.aspx","text/html","FW5N6PH7VDCJTXTYUVMU2L3OFI7GEA7G"
"20170217113738","http://ricegroupinc.com/listingproperties/Chico_/default.aspx","text/html","LAH2CUUT63OWV6QCGBR3XPN76VASI726"
"20160816064824","http://ricegroupinc.com/listingproperties/Childress_/default.aspx","text/html","V6THYAX5EWN2BONNERJUJODAAWVSAQBF"
"20170217025027","http://ricegroupinc.com/listingproperties/Chillicothe_/default.aspx","text/html","SEPGMGUU3FINYPFVFEVBUKSSTONV6IGX"
"20170216230905","http://ricegroupinc.com/listingproperties/Chilton/default.aspx","text/html","FP4ET5NYZ7JQFQFUCRFDFONTLVL2S647"
"20170217062103","http://ricegroupinc.com/listingproperties/China_Spring/default.aspx","text/html","2X3DGRXPCUR22YLSAWV5FRDDWTL72URJ"
"20170217113324","http://ricegroupinc.com/listingproperties/Cibolo_/default.aspx","text/html","OUVCTVTMDMXVSJFTHTERIP4ITALI3G6A"
"20170216232609","http://ricegroupinc.com/listingproperties/Cisco_/default.aspx","text/html","VQ6WYZVGFE34YZ7LNZSPLBIO34EVTNCG"
"20170217034027","http://ricegroupinc.com/listingproperties/Citta_Della_Pieve/default.aspx","text/html","2CQXF3H3I3NAWK2U3KB7USPVXIXCY434"
"20170217030404","http://ricegroupinc.com/listingproperties/Clarendon_/default.aspx","text/html","R7GP7M46X7IB5U6K5YXIGG3643IEDB6O"
"20170217054852","http://ricegroupinc.com/listingproperties/Clarksville___/default.aspx","text/html","SACQ4JCLGJOMTAY7QU5S52ASEYSYL2WD"
"20170217113243","http://ricegroupinc.com/listingproperties/Cleburne_/default.aspx","text/html","35RL5D5QCGLM5KJAX7HBN2ASFFPVJIZM"
"20160816034920","http://ricegroupinc.com/listingproperties/Clifton_/default.aspx","text/html","2SRNE3OPKYBDWS36XYL3SDHXZESKERS7"
"20170216171605","http://ricegroupinc.com/listingproperties/Clyde_/default.aspx","text/html","MMFRUT4RPICHEORGQX33CHPHMKRUDTQP"
"20170216230752","http://ricegroupinc.com/listingproperties/Cockrell_Hill_/default.aspx","text/html","ROGM57A5GLGJE6PXDG6E5SQUG5RR7XBF"
"20170217002222","http://ricegroupinc.com/listingproperties/Colbert/default.aspx","text/html","BXFLMQW7W2QM2UBHPNXGLWUGLKCWEZI7"
"20170216231114","http://ricegroupinc.com/listingproperties/Coldspring_/default.aspx","text/html","TXYV5KCVFNIY3TOJCPBHIZPLOU3FNDD7"
"20170217052140","http://ricegroupinc.com/listingproperties/Coleman_/default.aspx","text/html","J2XGYZFE7XZVJIAOB547TXFXLKTTVGKI"
"20160816061441","http://ricegroupinc.com/listingproperties/Colleyville_/default.aspx","text/html","KZC42FU3F7QLNWRCA75TQQ4UBJFPZQN7"
"20170217052136","http://ricegroupinc.com/listingproperties/Collinsville_/default.aspx","text/html","B4GYUNQCBMDZLVG6ICXHSJCKYHZYD2EC"
"20170217053257","http://ricegroupinc.com/listingproperties/Colmesneil_/default.aspx","text/html","UXGOXM7ZG33DT4MVEC5KIHZR4L7Y3K2D"
"20170216232701","http://ricegroupinc.com/listingproperties/Colorado_City/default.aspx","text/html","HWAXX47RS6YOK6WH4GV67OVVUTJAKGTQ"
"20170217050944","http://ricegroupinc.com/listingproperties/Comanche_/default.aspx","text/html","NIN4GWYHLFYTAOWFJ7X2VCNUTTIMIMJE"
"20170217112059","http://ricegroupinc.com/listingproperties/Combine__/default.aspx","text/html","FPULIFJFARQH4WITYU7CLYFKED36S6UL"
"20170216232444","http://ricegroupinc.com/listingproperties/Comfort/default.aspx","text/html","SLLYEYFAZNWAYGEDPRJLLQN3J4QAYVZ2"
"20170216230918","http://ricegroupinc.com/listingproperties/Commerce_/default.aspx","text/html","DCV2GSYDJV23A3UQX4KTVNEA7V7XKGZW"
"20170217022643","http://ricegroupinc.com/listingproperties/Como_/default.aspx","text/html","M732ZRBIKBCPLTEYCBKU5Z26TM3IOFIX"
"20170217051238","http://ricegroupinc.com/listingproperties/Conroe_/default.aspx","text/html","QFHU5I4XMTF3R4WQXESHOBTNYYTQFSSN"
"20170217051230","http://ricegroupinc.com/listingproperties/Cookville/default.aspx","text/html","K6IELYBDN5P6Z33SQW4TXF7FB4ZC5XD5"
"20170217084945","http://ricegroupinc.com/listingproperties/Coolidge_/default.aspx","text/html","UWGSSSPWKCZPY4A5BITYSLNNWD3US4U6"
"20170216232619","http://ricegroupinc.com/listingproperties/Cooper_/default.aspx","text/html","4OPKKBTZSJK5375GZ3RDVE3HGOSD3URA"
"20170216183100","http://ricegroupinc.com/listingproperties/Coppell__/default.aspx","text/html","DWFCO4TVBCM3IWR5AGNLNGCD3ZQN32I6"
"20170217051945","http://ricegroupinc.com/listingproperties/Copper_Canyon_/default.aspx","text/html","R22MSQUYQS5HXPM6ANW63ARN5MZTM4ME"
"20170217053345","http://ricegroupinc.com/listingproperties/Copperas_Cove__/default.aspx","text/html","Z4F6HCOJKYLAMCUZVKM3ZBZZBPJDGZI7"
"20160816091356","http://ricegroupinc.com/listingproperties/Corinth_/default.aspx","text/html","KTBLVHFRQWR54RPBAAK4VRHHOFL42YVP"
"20170217051746","http://ricegroupinc.com/listingproperties/Corpus_Christi__/default.aspx","text/html","DELIWAHMAEU5H5FUJNAOTGM4GFZ4HGSM"
"20170217065824","http://ricegroupinc.com/listingproperties/Corrigan_/default.aspx","text/html","TQYI7GXQWRQANT4GQBB4DHSA5QZLOFLF"
"20170216232431","http://ricegroupinc.com/listingproperties/Corsicana_/default.aspx","text/html","ZYTL6IPSQR7LIEYHEDD75NGAB23LEAIN"
"20170217034740","http://ricegroupinc.com/listingproperties/Costa_Rica/default.aspx","text/html","DJL6R2XYIHD2BCBWVF2IIBDEHBXWKPFE"
"20170217032136","http://ricegroupinc.com/listingproperties/Cottonwood_Shores_/default.aspx","text/html","GNHBTTNFRESIMEESPAKS6LHDFHE5FRJU"
"20170217113314","http://ricegroupinc.com/listingproperties/Covington_/default.aspx","text/html","GMX6CRWJO2DOKU2FZVW4UR7QC55OMG64"
"20170216195229","http://ricegroupinc.com/listingproperties/Crandall_/default.aspx","text/html","YODVMU6KXHH5EMNGTNQ6R6XHZZUMRVLC"
"20170216182653","http://ricegroupinc.com/listingproperties/Cranfills_Gap_/default.aspx","text/html","KPMS2JHRSJOCKA4NUQ6AW7TS26FRWLC3"
"20170217051934","http://ricegroupinc.com/listingproperties/Cresson/default.aspx","text/html","K2Z26FF2PEX5RMFQG2QS3MACPWEL2QJQ"
"20170217051737","http://ricegroupinc.com/listingproperties/Crockett_/default.aspx","text/html","QPZCRVALF3VSJTS4AGB2K6T77V57EOOP"
"20170216232818","http://ricegroupinc.com/listingproperties/Crosbyton_/default.aspx","text/html","EYZTSPZ727PBNZ6Y3IQDGMSRSKOJZBJX"
"20170216234946","http://ricegroupinc.com/listingproperties/Cross_Plains_/default.aspx","text/html","2QLUY7H6MBHKNG4XC6GIGORYRR2EP2XU"
"20170217113145","http://ricegroupinc.com/listingproperties/Cross_Roads_/default.aspx","text/html","VSYO5QLYTVSN2V7B7F7PNFAM5VHDF4IR"
"20170217052252","http://ricegroupinc.com/listingproperties/Crowell_/default.aspx","text/html","ZI43JZ63VA7Z7K7MSESSZX7FUJ32SVNJ"
"20170216230426","http://ricegroupinc.com/listingproperties/Crowley_/default.aspx","text/html","R2VHGMQVSGVCECRW555BEXXRYY436GUB"
"20170217074603","http://ricegroupinc.com/listingproperties/Crystal_Beach/default.aspx","text/html","CYG7ET7OPLEW3VYNQYMEHELKA4TNFN2H"
"20160816073244","http://ricegroupinc.com/listingproperties/Cuero_/default.aspx","text/html","RAK2P7KYVJMLTC6GYRNRPR6WB4FUSNYV"
"20170216202104","http://ricegroupinc.com/listingproperties/Cumby_/default.aspx","text/html","U6Y5X4JRWVLLW5DEV2QPEWOV43OMZ34Y"
"20170217060251","http://ricegroupinc.com/listingproperties/Cuney_/default.aspx","text/html","NNSPRPCOYKBVD4YL7NUGZ243J5PRMPUL"
"20170217050953","http://ricegroupinc.com/listingproperties/Cunningham/default.aspx","text/html","575EVHGA5M542RLW7Y57UVE76UDO5KIX"
"20170216232644","http://ricegroupinc.com/listingproperties/Daingerfield_/default.aspx","text/html","UZ4X547DL7QQJTOBSYLDP23LZL6KWUME"
"20170216232934","http://ricegroupinc.com/listingproperties/Dallas__/default.aspx","text/html","YZ3WOSRECLNXXORTIJEUZGQGAHXEOLYD"
"20170217072856","http://ricegroupinc.com/listingproperties/Dalworthington_Gardens_/default.aspx","text/html","TF7VWOWK3L5C2A5EVYJDAFCQGYRKEDLS"
"20170217051132","http://ricegroupinc.com/listingproperties/Dawson_/default.aspx","text/html","6IIHKY432FDMK2UTZIK4FKUE6VSSCE3I"
"20170217033833","http://ricegroupinc.com/listingproperties/De_Berry/default.aspx","text/html","G6P574E4BZ4NTYATK3RHTJKP34KSH6ST"
"20170217052310","http://ricegroupinc.com/listingproperties/De_Cordova/default.aspx","text/html","ETW7J6IPOO2XFTUUZXYMFEIPJGUP4PBR"
"20170217113353","http://ricegroupinc.com/listingproperties/De_Kalb_/default.aspx","text/html","XAQD6A4DG632BX25WCKIC6HCB3WBI5AF"
"20170217052303","http://ricegroupinc.com/listingproperties/De_Leon_/default.aspx","text/html","OPDAL3J3KGGBIRZQSNFQVYGICZ5EOZGI"
"20170217052223","http://ricegroupinc.com/listingproperties/Dean_/default.aspx","text/html","MLO4NMW6RO3K53XGDFKPURVS3QTDCR4A"
"20170216232630","http://ricegroupinc.com/listingproperties/Decatur_/default.aspx","text/html","JQ73MWVGHYA73AIYYF7UNLI42TANO2VI"
"20161020063614","http://ricegroupinc.com/ListingProperties/default.aspx","text/html","TEOYDH2BNURH46VHRGVF6SMXDKCN2LFD"
"20170217113318","http://ricegroupinc.com/listingproperties/Del_Rio_/default.aspx","text/html","YEN7XR3VHWYDMLMSLEKKQUE6OYUCHGOP"
"20170216231110","http://ricegroupinc.com/listingproperties/Denison_/default.aspx","text/html","V664BYRMKDYS7VSE6LMFYIF7FM3B6V4M"
"20170217052051","http://ricegroupinc.com/listingproperties/Dennis/default.aspx","text/html","5IEYM4KCK45HJMDQT37X74YNBBN3E3EO"
"20170216230621","http://ricegroupinc.com/listingproperties/Denton_/default.aspx","text/html","WCX2PQ3OC7BWUQSEZWLAHWP6WBF77JN3"
"20170217002132","http://ricegroupinc.com/listingproperties/Deport__/default.aspx","text/html","YNTMHC5GXZUZBQAX4TUXNHKC3ZUT4YQ2"
"20170217051854","http://ricegroupinc.com/listingproperties/Desdemona/default.aspx","text/html","PHRGYJVEHLVKWXDQTA7PHBRDAMNL5ZVJ"
"20170216182842","http://ricegroupinc.com/listingproperties/DeSoto_/default.aspx","text/html","6VDWZKOELNMFOYUZEALYHMKVR5PDAMSK"
"20170216231122","http://ricegroupinc.com/listingproperties/Detroit_/default.aspx","text/html","2H6T7RENLP6NPQMACYRSWHZQYFYADFLC"
"20170217112255","http://ricegroupinc.com/listingproperties/Dew/default.aspx","text/html","XLVJD5OMFXHZRLKAREMXATLC4RSW5YLM"
"20170217051946","http://ricegroupinc.com/listingproperties/Diana/default.aspx","text/html","XSCH3OVPLH3JCNJPWFDNIFCVBTXTZURD"
"20160816084433","http://ricegroupinc.com/listingproperties/Dickens_/default.aspx","text/html","4QODO7IYSECYHQQ7K6HCGCZGBWG32JFP"
"20170216235431","http://ricegroupinc.com/listingproperties/Dike/default.aspx","text/html","3M3K6NW7X4ZB24YJRAMIT7RAVJQVOBMU"
"20170217113602","http://ricegroupinc.com/listingproperties/Dish/default.aspx","text/html","ZI2DNXLG4NWOCKZ25EQGX4JXZ5CSRF5T"
"20170217051819","http://ricegroupinc.com/listingproperties/Divide/default.aspx","text/html","6B4XOGDTBX4Q2UVTQX3BXGBW3LNW4FIC"
"20170217071520","http://ricegroupinc.com/listingproperties/Dodd_City/default.aspx","text/html","RON2CGWLKCAY7MDFV6E75EQH466Z3JDV"
"20170217051253","http://ricegroupinc.com/listingproperties/Donie/default.aspx","text/html","VRUDJKRH25STUUEPMCNNE36BLWLPV7CG"
"20170216234153","http://ricegroupinc.com/listingproperties/Dorchester_/default.aspx","text/html","YUPHB7DLRJCONLAFHX3QLTXCVFMUYZGA"
"20170216230950","http://ricegroupinc.com/listingproperties/Double_Oak_/default.aspx","text/html","BTUA7TAMGEYUWQASPOBFRTC43SZBEQ7A"
"20170216193458","http://ricegroupinc.com/listingproperties/Douglassville_/default.aspx","text/html","GXSXCOOU75ALV3QXNUQTJK77V2ZAV43M"
"20170216201759","http://ricegroupinc.com/listingproperties/Dublin_/default.aspx","text/html","54CAU4HHD5BZWPAYIRXKFQNKNYP5UEEU"
"20170217052042","http://ricegroupinc.com/listingproperties/Dudley/default.aspx","text/html","4CS33OBIP5KYAZCJP4H2ZIZDNEPLMI73"
"20170217113253","http://ricegroupinc.com/listingproperties/Dumas_/default.aspx","text/html","YUWGPFUIBLRYMBC2IZ2VWPTOGHIRG55K"
"20170217024338","http://ricegroupinc.com/listingproperties/Duncanville_/default.aspx","text/html","IJFGG2H6LNPQVHE3SMNV5F4BRL3Z2SSE"
"20170216204925","http://ricegroupinc.com/listingproperties/Durant/default.aspx","text/html","PX7MTNC2GHYN2MAZIELAWPJTRURXMARN"
"20170216232406","http://ricegroupinc.com/listingproperties/Eagle_Pass_/default.aspx","text/html","6HFMGN2VUWIWOWFIM63ELDQGPJLY4RLP"
"20170216205746","http://ricegroupinc.com/listingproperties/Early_/default.aspx","text/html","GD3TAJ7MD3X4IZ5A7JLFCQJKKJNUAJUH"
"20170216231855","http://ricegroupinc.com/listingproperties/East_Tawakoni_/default.aspx","text/html","Y6ZJJKJ46UE62RFPLGSAVMS423DYVWG3"
"20170216231213","http://ricegroupinc.com/listingproperties/Eastland_/default.aspx","text/html","22BPAKJTG5B65WWSJSVCMDRBZI63ICVM"
"20170217113226","http://ricegroupinc.com/listingproperties/Ector_/default.aspx","text/html","D6RAFUH5UQG4GSSN3BCPKBQK3ICBZI2H"
"20170217032633","http://ricegroupinc.com/listingproperties/Eden_/default.aspx","text/html","K6CCGI3XKFBDASBIXLQTBS3QOTMMY7VA"
"20170217002717","http://ricegroupinc.com/listingproperties/Edgecliff_Village/default.aspx","text/html","FWYWZEEI7HOVLTPS7HSAJYKTYZULGP55"
"20170216231224","http://ricegroupinc.com/listingproperties/Edgewood_/default.aspx","text/html","IJPZR4T6ZBIQ45ZCB7UBXLFGJHL6QW74"
"20170216232721","http://ricegroupinc.com/listingproperties/Edom_/default.aspx","text/html","YBYS7OGLM6PAYNV2JVKXSNNWTHCCAXRB"
"20170217051201","http://ricegroupinc.com/listingproperties/El_Paso_/default.aspx","text/html","Q6N3ML3BOAAW52MNTOZLSL7MZSCJMUAL"
"20170217055900","http://ricegroupinc.com/listingproperties/Electra_/default.aspx","text/html","C2ZSE4FXZF2LDGH7IBKJYWKUML5P5GZ6"
"20170216234800","http://ricegroupinc.com/listingproperties/Elkhart_/default.aspx","text/html","BAIZKET4J3KFXYQYX433R3LJTXZ4BC6R"
"20170216231056","http://ricegroupinc.com/listingproperties/Elmo/default.aspx","text/html","5HCBIE3Y2ZZZFGMFP3XM4XYV2UGLKZ3W"
"20170217050936","http://ricegroupinc.com/listingproperties/Elwood/default.aspx","text/html","PPNMZO6UXBKPJMEXCSLZEDWNSTOQPYKX"
"20170217052706","http://ricegroupinc.com/listingproperties/Emory_/default.aspx","text/html","PRYSGRWN7SBLR5FLZ3JMBLFOKLTJB34P"
"20170216230415","http://ricegroupinc.com/listingproperties/Enchanted_Oaks_/default.aspx","text/html","7UXW3GBDKRZQA5KC4KVQXRUGVTRYLFQ7"
"20170217090632","http://ricegroupinc.com/listingproperties/Energy/default.aspx","text/html","LQZJ7TGE7YPHRYP53WSE4VR6VSU4OSWW"
"20170216233122","http://ricegroupinc.com/listingproperties/Enloe/default.aspx","text/html","XU55HJOQNDRP4UHI7YCRE5MQULB63P64"
"20170216230802","http://ricegroupinc.com/listingproperties/Ennis_/default.aspx","text/html","F7DGQJX7WKRNJ3ZECPVRQR4IWTHNB3JL"
"20170217063733","http://ricegroupinc.com/listingproperties/Era/default.aspx","text/html","Q36D6MXEZ6B7JSAQMQHQH3URVLNHHG3N"
"20170217113402","http://ricegroupinc.com/listingproperties/Estelline_/default.aspx","text/html","N2WZFZBPP3LWIGFG5FAGB3LBUE3GRTBU"
"20160816043149","http://ricegroupinc.com/listingproperties/Eula/default.aspx","text/html","NDH4CRAVVSGUGMPYQC6FZEFPSJVZS5T6"
"20170217050855","http://ricegroupinc.com/listingproperties/Euless_/default.aspx","text/html","DCUDID5X3T4X2OWWWRQBF6RIRGDSHEEV"
"20170216231020","http://ricegroupinc.com/listingproperties/Eureka_/default.aspx","text/html","GNIM5T2OUKG2F2ZNFJ2TSJG2KD62HRHQ"
"20170217051922","http://ricegroupinc.com/listingproperties/Eustace_/default.aspx","text/html","QZGQIGAT25Q3JWVY77IRY6K5ESQGJCC6"
"20170217112319","http://ricegroupinc.com/listingproperties/Evant__/default.aspx","text/html","LT4DLOWTQCK3ZSHIUQ62VIJ37OXXZWJE"
"20170216170115","http://ricegroupinc.com/listingproperties/Everman_/default.aspx","text/html","GM5OTKYPKN6CT5H3ZVU5KPAWL66LDWUV"
"20170216232558","http://ricegroupinc.com/listingproperties/Fairfield_/default.aspx","text/html","A46IWAO6INB3EMB6MLSHSLM6SZTDK3OR"
"20170216232724","http://ricegroupinc.com/listingproperties/Fairview_/default.aspx","text/html","O5YCUSTVKFKUEYZNPHHGBJUS3EFUMVR7"
"20170217112148","http://ricegroupinc.com/listingproperties/Fairy/default.aspx","text/html","MTCMISNTYIF46RLCNXWXDPOODI5Q66BL"
"20170217050931","http://ricegroupinc.com/listingproperties/Farmers_Branch_/default.aspx","text/html","THUI6WNMNNTKVQC7WDWUUPIWQ5YDWAVV"
"20160816035858","http://ricegroupinc.com/listingproperties/Farmersville_/default.aspx","text/html","BGELYPQAW6CVFAWN3IUKXWQ5V25QIAEZ"
"20170217113330","http://ricegroupinc.com/listingproperties/Fate_/default.aspx","text/html","O3ZDHTVJLHRNNCWKJNDRUBNLLXJ5FYFG"
"20170217050914","http://ricegroupinc.com/listingproperties/Ferris__/default.aspx","text/html","FGLFW5S5EVR5BXGKZC4CRBIVMAV3LQ7B"
"20170217052108","http://ricegroupinc.com/listingproperties/Flint/default.aspx","text/html","I2BE6XE3XWTKFRW6Y7SXYCNDBSND2HHK"
"20170216201917","http://ricegroupinc.com/listingproperties/Flippin/default.aspx","text/html","LURIHDRLS3DGBY6RGMG5S5S3FTVDAS4U"
"20170216232735","http://ricegroupinc.com/listingproperties/Flower_Mound__/default.aspx","text/html","C7VWWGEHC23NDTLER3Z4D5XPQEXZVCLO"
"20170217112052","http://ricegroupinc.com/listingproperties/Floyd/default.aspx","text/html","23RJ2TRIA72SOMOBIK6VGFJWYJB5SGQZ"
"20170216181345","http://ricegroupinc.com/listingproperties/Forest_Hill_/default.aspx","text/html","EJKF7SRMZVS4GOSA3WCQL4J66HQJYAAW"
"20170216232419","http://ricegroupinc.com/listingproperties/Forestburg/default.aspx","text/html","ACY7YEHZD3Y7VFQDO7EWO5JOWWAN2QH7"
"20170217025128","http://ricegroupinc.com/listingproperties/Forney_/default.aspx","text/html","GCHTBQQOSTU2MSGCKH56UVJFJELUIIOT"
"20170217052156","http://ricegroupinc.com/listingproperties/Forreston/default.aspx","text/html","NZHA324HHS2FNVLK7L23CBUAFQA4JMHM"
"20170216232552","http://ricegroupinc.com/listingproperties/Fort_Worth__/default.aspx","text/html","HFZLJYJELAHKX5K6ESAV72U4O7HJEVKJ"
"20160816083418","http://ricegroupinc.com/listingproperties/Franklin_/default.aspx","text/html","CUAN45CX4W3MFDEUX6OMZWZVWZIRVK5E"
"20170217052759","http://ricegroupinc.com/listingproperties/Frankston_/default.aspx","text/html","QLCWTAXFXUVTFUN4ANQYPRVLVN5YIXNZ"
"20170217065540","http://ricegroupinc.com/listingproperties/Freeport_/default.aspx","text/html","W3VD2JUCRR4VDDXGZZLPWSTT7FAFGJUE"
"20170217040148","http://ricegroupinc.com/listingproperties/Frisco__/default.aspx","text/html","2ECUYPK3PVPJIZULBMUIXUZ24FITYY65"
"20170216231014","http://ricegroupinc.com/listingproperties/Frost_/default.aspx","text/html","GIJ3HBK6ORUFDNDEPKXFIUPJTMCLOUKI"
"20170216232546","http://ricegroupinc.com/listingproperties/Fruitvale_/default.aspx","text/html","YNFXWR44BRLTONBQ4O3GOJ54K76VMMEQ"
"20170216231009","http://ricegroupinc.com/listingproperties/Gainesville_/default.aspx","text/html","32CFNHY3JILHKBWQQBF4X7AP3AL6AKU5"
"20170217050902","http://ricegroupinc.com/listingproperties/Galveston_/default.aspx","text/html","R5JDAALIQ5ZCKSTFPYHIOKF5QM4XXZH7"
"20170217052137","http://ricegroupinc.com/listingproperties/Garland__/default.aspx","text/html","H2K732N3O6IJNY3FWLKH4QMJM3QYSKOO"
"20170217112239","http://ricegroupinc.com/listingproperties/Garner/default.aspx","text/html","U3JN2ASBBH24QMC3RMUGQAGLU6JL3CZI"
"20170217013952","http://ricegroupinc.com/listingproperties/Garrison_/default.aspx","text/html","VCF7Z6E5AUPQ4VIB2N5VS47FJ7K5YLM2"
"20170217052105","http://ricegroupinc.com/listingproperties/Gary__/default.aspx","text/html","PJ3KYNXSVDZSFH2CSOXZTRRUEKIBY3EI"
"20170216175559","http://ricegroupinc.com/listingproperties/Gatesville_/default.aspx","text/html","F7P5KIXBZEA2RN2PWTRKKVCRQXH3SPDP"
"20170216170110","http://ricegroupinc.com/listingproperties/Georgetown/default.aspx","text/html","KZ7RLJS2TWJRCET6VDBDZMNEF4J6V27C"
"20170217112137","http://ricegroupinc.com/listingproperties/Gilmer_/default.aspx","text/html","PW3KEW3TUEGPZVPJYNNF7MLSJ5WHAL63"
"20170217052211","http://ricegroupinc.com/listingproperties/Gladewater__/default.aspx","text/html","FTYV7RMEVI66O6U3C5ROR4MVAQ4AJM2X"
"20170216231258","http://ricegroupinc.com/listingproperties/Glen_Rose_/default.aspx","text/html","4UZHCJFQCB6QIE4XIIDE2FVVQBXSAGJB"
"20170217021949","http://ricegroupinc.com/listingproperties/Glenn_Heights__/default.aspx","text/html","2DX4JPD3BZHJA2ABOXGFLVOGZOO3V6SZ"
"20170216232436","http://ricegroupinc.com/listingproperties/Gober/default.aspx","text/html","ZV6H4YJB354ANTPMT4E6TFITZJJQS6AO"
"20170216175826","http://ricegroupinc.com/listingproperties/Godley_/default.aspx","text/html","QWPPZZ5Z6KIYNCSZ32VRA6TLJCXFMPJI"
"20170217113003","http://ricegroupinc.com/listingproperties/Golden/default.aspx","text/html","UZPJBCJKH5F4GLNZYLEHW5TFMXLYUTMD"
"20170216230909","http://ricegroupinc.com/listingproperties/Goldsboro/default.aspx","text/html","GA6WEC2JANPS7HTJVGEMADZEH5WILV22"
"20170217051153","http://ricegroupinc.com/listingproperties/Goldsmith_/default.aspx","text/html","ECOIYY26H652HK7Q66XTYNNWBAVRVGYF"
"20170217112210","http://ricegroupinc.com/listingproperties/Goldthwaite_/default.aspx","text/html","XMBCZMNV6XNDDP7VAO62UB32QILL4JTN"
"20170216230433","http://ricegroupinc.com/listingproperties/Gordon_/default.aspx","text/html","MGZMNZ4UDCSXJJWTWB3U7VZ6GLMV3IZQ"
"20170217054114","http://ricegroupinc.com/listingproperties/Gordonville/default.aspx","text/html","3VZO2YMQD2RDX5SRBJXHH4O536FLQLHM"
"20170217112126","http://ricegroupinc.com/listingproperties/Goree_/default.aspx","text/html","REG2AIZQEBPWAEHIXKVCCLCBBCZ4L3FY"
"20170216212319","http://ricegroupinc.com/listingproperties/Gorman_/default.aspx","text/html","DTLA3W4B2TGRYXPIDENGSZ2D7PL36A4Z"
"20170217113157","http://ricegroupinc.com/listingproperties/Gouldbusk/default.aspx","text/html","GE4LDOG64PIE6OP4R5SJXXXBMGGJY5KN"
"20170216231331","http://ricegroupinc.com/listingproperties/Graford_/default.aspx","text/html","FEISOOWTCTCGL4QWUV4X5D4X4ZHVBCTO"
"20170217051925","http://ricegroupinc.com/listingproperties/Graham_/default.aspx","text/html","XKYHZIJLCFLW7XCXGTPVWQFY5PMXBQ56"
"20170217113020","http://ricegroupinc.com/listingproperties/Granbury/default.aspx","text/html","AHULJ3OXO33YIG6LBL2UI2BXQQPEPSSH"
"20160816063739","http://ricegroupinc.com/listingproperties/Grand_Cayman/default.aspx","text/html","AOTDSCSO3NUBE6DKRKVKD476E4W2XVJQ"
"20170217051901","http://ricegroupinc.com/listingproperties/Grand_Prairie__/default.aspx","text/html","NGTP43G7QVVMQTYXK3TFOMNJOIGH6L6D"
"20160816065452","http://ricegroupinc.com/listingproperties/Grand_Saline_/default.aspx","text/html","ZLWRVP3U3O6RJTCJH7XSVW2PW4OKQDJ4"
"20170217045308","http://ricegroupinc.com/listingproperties/Grandfalls_/default.aspx","text/html","LW3ZL6U33RGJCZEPY4WXQ5SLQSYVN7BP"
"20170216192345","http://ricegroupinc.com/listingproperties/Grandview_/default.aspx","text/html","IPEMKM5S7GYMA6MN3LD4WD2WVVIS6SDD"
"20170216200540","http://ricegroupinc.com/listingproperties/Granite_Shoals_/default.aspx","text/html","QEY7CNGVR2CX7YBQZNWDMP6BYF254UUE"
"20170217113216","http://ricegroupinc.com/listingproperties/Grapeland_/default.aspx","text/html","2FOU4ZMJPRNKED2JQGAJBVMSS2EDMHQW"
"20170217050911","http://ricegroupinc.com/listingproperties/Grapevine_/default.aspx","text/html","I5EMR7TYULYEDH7YJPJU5NXTX6GBDH5P"
"20170217051832","http://ricegroupinc.com/listingproperties/Greenville_/default.aspx","text/html","O6E2TBBC7KAGXLJE4PUWODQLHKY663YK"
"20170217025234","http://ricegroupinc.com/listingproperties/Groesbeck_/default.aspx","text/html","2VLZYLSF2H33JNPCBSZV2RCBOHBQ64GU"
"20170217052119","http://ricegroupinc.com/listingproperties/Groveton_/default.aspx","text/html","PFDV7BMM5POZJLELPTXTRUEHS7ZOEMRY"
"20170217051729","http://ricegroupinc.com/listingproperties/Gun_Barrel_City/default.aspx","text/html","U7HTYIGPT7C52GTJ6OTCDRIQWBZZFKJO"
"20170217060623","http://ricegroupinc.com/listingproperties/Gunter_/default.aspx","text/html","5IRDTW67TIDFTAI6O2F7XSIGDJ6SNH7G"
"20170216231201","http://ricegroupinc.com/listingproperties/Gustine_/default.aspx","text/html","G24J477VRZGWJ2OVX2WEV3FG2VWSCDTB"
"20170216230921","http://ricegroupinc.com/listingproperties/Guthrie/default.aspx","text/html","DVT47CTBE5UKMNG7TB24VLRR4QQZONAU"
"20170217041326","http://ricegroupinc.com/listingproperties/Hackberry_/default.aspx","text/html","4MCXLLFTAYOCSVTONYUE4H25OLLTYCOR"
"20170217005928","http://ricegroupinc.com/listingproperties/Hagansport/default.aspx","text/html","7CRBBIPDLN6ODWQLKSYSHZA3X543QT7A"
"20170217052122","http://ricegroupinc.com/listingproperties/Hallsville_/default.aspx","text/html","BZO5YHVDYKU674UV7MWAZWIJ5KLICWJ4"
"20170217073653","http://ricegroupinc.com/listingproperties/Haltom_City/default.aspx","text/html","RPZXQNV2JNTXY44GZK3AAX2RILDPS7FR"
"20170216232848","http://ricegroupinc.com/listingproperties/Hamilton_/default.aspx","text/html","7B5JPR74CU2GUA72B4SISIBOGF3P4JGB"
"20170217113039","http://ricegroupinc.com/listingproperties/Hamlin__/default.aspx","text/html","MFZYF6XQTGIYDYWZKWW47H4OL2O4V7IK"
"20170217005907","http://ricegroupinc.com/listingproperties/Harleton/default.aspx","text/html","GHJPN4SKZPULIX2ZRBDXKI5XTLFKNUFD"
"20160816090530","http://ricegroupinc.com/listingproperties/Harlingen_/default.aspx","text/html","AKDZZDYBPB7CGDH5UK5LQPA7FPIR7BOH"
"20170216233118","http://ricegroupinc.com/listingproperties/Haskell_/default.aspx","text/html","OVK5V37J3O253OSI2SEKIUZI525TWNIC"
"20170216233125","http://ricegroupinc.com/listingproperties/Haslet_/default.aspx","text/html","4SYWZP2STZ4QKQJSHFS3PASM5SPBBFFL"
"20170217001158","http://ricegroupinc.com/listingproperties/Hasse/default.aspx","text/html","MMYSFSLVVWENZAKGTXVVOGP7X6P4OPXR"
"20170217052031","http://ricegroupinc.com/listingproperties/Hawk_Cove/default.aspx","text/html","D6KQV7VZJCD2DSG33SCDT5IZJN46KEJQ"
"20170216230737","http://ricegroupinc.com/listingproperties/Hawkins_/default.aspx","text/html","YP2S67CQGZVTNF57THBQ43SRQ4DTTQPA"
"20170217030233","http://ricegroupinc.com/listingproperties/Hawley_/default.aspx","text/html","A5BMXFZS5NFDFH7RLSSJR2BMZ2RX3HHR"
"20170216230429","http://ricegroupinc.com/listingproperties/Hearne_/default.aspx","text/html","AFGJZXZXFR3QHSYQSNHJ3RADPPRTWRSV"
"20170216231023","http://ricegroupinc.com/listingproperties/Heartland/default.aspx","text/html","PAEILTFY42HIYGX7KGQGPM64E2PTPPAS"
"20170217113209","http://ricegroupinc.com/listingproperties/Heath_/default.aspx","text/html","KCRWFUMBWO4QGMKCGDCHNZRQDAJRGHLW"
"20170216230812","http://ricegroupinc.com/listingproperties/Henderson_/default.aspx","text/html","3VDLHCWVQGOZ7WJPIHSR466F4M6ULT2P"
"20170217051114","http://ricegroupinc.com/listingproperties/Henrietta_/default.aspx","text/html","64MYLKAMDT6HTALRBTNHTMCNJU2HYJ7K"
"20170216232556","http://ricegroupinc.com/listingproperties/Hickory_Creek_/default.aspx","text/html","JOTDYSTMTHZ3VTXV63I2RCBX33WWFBUQ"
"20170217025639","http://ricegroupinc.com/listingproperties/Hico_/default.aspx","text/html","ZAGIMRIWQ6ES4YHV7GK5MKVKXRSLMCLN"
"20170217051901","http://ricegroupinc.com/listingproperties/Hideaway/default.aspx","text/html","ECKUPFQZKHLKCXW735UECVNPM2WRBUR3"
"20170217052054","http://ricegroupinc.com/listingproperties/Highland_Park_/default.aspx","text/html","HQ6ID4PI4A4TPLHGNWVCGMGXWUBTN6LM"
"20170217073317","http://ricegroupinc.com/listingproperties/Highland_Village_/default.aspx","text/html","SQ7CAR5C67NWUNHDGZW6AST5JAYZACRO"
"20170217051136","http://ricegroupinc.com/listingproperties/Hillsboro_/default.aspx","text/html","CB7R3WJI33DJOVRSFOHROFQVMR7LHZNN"
"20170217090600","http://ricegroupinc.com/listingproperties/Holliday_/default.aspx","text/html","JBRL63PGDT2BSNCYLETXVJJMPSAZIQVT"
"20170217051117","http://ricegroupinc.com/listingproperties/Holly_Hills/default.aspx","text/html","BLKKLSZ5A7UW6Y4DPJD2K4KMFFZ4EHKB"
"20170217113304","http://ricegroupinc.com/listingproperties/Holly_Lake_Ranch/default.aspx","text/html","O5OKUFQPFPEHT65ZFLVJAUVEMJEBJ4CE"
"20170217052151","http://ricegroupinc.com/listingproperties/Hondo_/default.aspx","text/html","CIW6A3CJWOX5RI3HBWS2YS5BDTHWUGMH"
"20170216234737","http://ricegroupinc.com/listingproperties/Honey_Grove_/default.aspx","text/html","QZYIDUILW3ZL2A4BNHQ6B76D7VT62A57"
"20170217042104","http://ricegroupinc.com/listingproperties/Hooks_/default.aspx","text/html","UKWG47CFBOSMQ2WIYDOWNQOIUHDLOVQU"
"20170217051157","http://ricegroupinc.com/listingproperties/Horizon__/default.aspx","text/html","YLLVO4HSRCAM5VLVTHDTGEVFFPTOR54X"
"20170216232627","http://ricegroupinc.com/listingproperties/Horseshoe_Bay/default.aspx","text/html","VSN6LINLAFI7E5VUDMFFANODLKJQ7YCT"
"20170216232810","http://ricegroupinc.com/listingproperties/Houston__/default.aspx","text/html","V3MSM3XRHT6M7PFSJTKQV72LIZI4WIBZ"
"20170217070725","http://ricegroupinc.com/listingproperties/Howe_/default.aspx","text/html","Y23ASWYT7FUQ3BMYOTXRZQL273RQDBSR"
"20170217112039","http://ricegroupinc.com/listingproperties/Hubbard_/default.aspx","text/html","D75ORXW7QFDOXF6O5ZSMQSJGS5ZSIR4Z"
"20170216172503","http://ricegroupinc.com/listingproperties/Huckabay/default.aspx","text/html","MEZPSDWRZRWHY5EO2Q5QKAJ2BDUSERZY"
"20170216231059","http://ricegroupinc.com/listingproperties/Hudson_Oaks_/default.aspx","text/html","DFNVJUQH4RFXA2GATQWWBUQOXPUBE3ZS"
"20170216232654","http://ricegroupinc.com/listingproperties/Hughes_Springs__/default.aspx","text/html","N5BVTKTBQF53BZBZOVIEPWEJWMM63RLB"
"20160816033648","http://ricegroupinc.com/listingproperties/Humble_/default.aspx","text/html","UK5WYE7R5QZOMI4S5NWKLUOPTRHNJ4MZ"
"20160816035321","http://ricegroupinc.com/listingproperties/Hurst_/default.aspx","text/html","VBHDB4K5UEHLD4LDNT3HXT4ZSVDC3WPH"
"20170217052201","http://ricegroupinc.com/listingproperties/Hutchins_/default.aspx","text/html","6XIER4QPXOGICTJNZ2ELWVPUHQ2OUKZL"
"20170217113457","http://ricegroupinc.com/listingproperties/Idabel/default.aspx","text/html","KDJMQTVGE6RNQ3WKLMTRUGI3AAPTEEGR"
"20170217051205","http://ricegroupinc.com/listingproperties/Iowa_Park_/default.aspx","text/html","MRCFOQUZHFIZ6OR4YWAOLVBYSJPY6R4U"
"20170216214405","http://ricegroupinc.com/listingproperties/Iredell_/default.aspx","text/html","Z6YJYGMLNDIVZE4XQQ423O7HGBOZ2KFB"
"20170217113246","http://ricegroupinc.com/listingproperties/Irving_/default.aspx","text/html","W446TLKPSQQAQIGJ3M4CH5O34Y4WMXZM"
"20170216231228","http://ricegroupinc.com/listingproperties/Italy_/default.aspx","text/html","UJDNAWUZURXQDYWFU5EBQ55QJYLNZLIK"
"20170217113257","http://ricegroupinc.com/listingproperties/Itasca_/default.aspx","text/html","JUVCM5MLGQMJTKIZXZSOYSNR5AFJXKTV"
"20170217050926","http://ricegroupinc.com/listingproperties/Ivanhoe/default.aspx","text/html","NQ75LWLWPPG663CO6DJZJY64YYI7LYIZ"
"20170217113028","http://ricegroupinc.com/listingproperties/Jacksboro_/default.aspx","text/html","4PD2647CPNDQEPMSUSOFU2JEOAZC4ZJR"
"20170217034425","http://ricegroupinc.com/listingproperties/Jacksonville_/default.aspx","text/html","6H277LIKLJ6UGXCYETNNSRUTX5FQ4QPF"
"20160816081900","http://ricegroupinc.com/listingproperties/Jasper_/default.aspx","text/html","6DJ6RZL3B7FYHMSPIT6OLWBMVLG63QMA"
"20170217112224","http://ricegroupinc.com/listingproperties/Jefferson_/default.aspx","text/html","WY3HS56POUOLPCGV2JNFZ57GSN5CI6DI"
"20170216172450","http://ricegroupinc.com/listingproperties/Jermyn/default.aspx","text/html","WW7JOQXDMX3VZEJQRPHJA2V2PBZ3NKX7"
"20170216233139","http://ricegroupinc.com/listingproperties/Jewett_/default.aspx","text/html","67MWW42CIAFIVCAP7MASFXI5TMXEW4JD"
"20160816071412","http://ricegroupinc.com/listingproperties/Jonesboro/default.aspx","text/html","265RP5IMB4FUJXOA3UUWGHKPVGVXXVU2"
"20170217004839","http://ricegroupinc.com/listingproperties/Jonestown/default.aspx","text/html","KUKGQPN4RNBQ246PJP7UUFQRRFVCR3W3"
"20170216195557","http://ricegroupinc.com/listingproperties/Josephine__/default.aspx","text/html","5ULFOWB7JCRLWV6AWK2RU643YK7XQO32"
"20170216232829","http://ricegroupinc.com/listingproperties/Joshua_/default.aspx","text/html","UAJ2QBTEI7I53PQDGBJ73256S3VJAEMJ"
"20170216233135","http://ricegroupinc.com/listingproperties/Junction_/default.aspx","text/html","37DG4BHHCSREIHMPRGAW7XHGL2ZHXSEG"
"20170217052028","http://ricegroupinc.com/listingproperties/Justin_/default.aspx","text/html","IDN6LPOZQACDL5FV63HQYT6XPZONPUXG"
"20160816041833","http://ricegroupinc.com/listingproperties/Karnack/default.aspx","text/html","SSPTEMXWBINKWFH2IB7ABNA6LKBRWZKZ"
"20160816073419","http://ricegroupinc.com/listingproperties/Karnes_City/default.aspx","text/html","Z6VFYNEG37OUUF36BT5OHHS5UZUOODUH"
"20160816050411","http://ricegroupinc.com/listingproperties/Katy__/default.aspx","text/html","D7F3ZLQOOMDCJTCRWRZLY7SGVRP5ZWPJ"
"20170216184933","http://ricegroupinc.com/listingproperties/Kaufman_/default.aspx","text/html","GDCKCNTAQOQ2X2GNXG67OMS57FMB6VRV"
"20170216181915","http://ricegroupinc.com/listingproperties/Keene_/default.aspx","text/html","EAAF5TQCPN3HA4LWDYK2RXIWD7RIRCMM"
"20170216230809","http://ricegroupinc.com/listingproperties/Keller_/default.aspx","text/html","S65MDDHUGPS2N5F2O4AVFVILY7IZFRP6"
"20170216203848","http://ricegroupinc.com/listingproperties/Kemp_/default.aspx","text/html","VR2STKWSZPMDH2TOFSSQTG7NAIDCKPCG"
"20170216232450","http://ricegroupinc.com/listingproperties/Kempner_/default.aspx","text/html","EVDVWJIIOAR6R477A63A4HRE754RPJ3I"
"20170216230734","http://ricegroupinc.com/listingproperties/Kenefic/default.aspx","text/html","J2UZRIHPJTUQW65DUJHLEYVYBPJEMTBX"
"20170216230914","http://ricegroupinc.com/listingproperties/Kennedale_/default.aspx","text/html","ORPVXA7IEPXSNTUFJBPXCYLODK7XRMDD"
"20170217092056","http://ricegroupinc.com/listingproperties/Kerens_/default.aspx","text/html","HWNUP6SF6Y4M25SUJKH3FB7RK666Y572"
"20170216205343","http://ricegroupinc.com/listingproperties/Kilgore__/default.aspx","text/html","S6ECIICP7K37EOQCJUSO56YOAH5KLIGK"
"20170216222801","http://ricegroupinc.com/listingproperties/Killeen_/default.aspx","text/html","CTCCU3FCJBHJZNUPHCJVFLHM6YQKIHK4"
"20170216235403","http://ricegroupinc.com/listingproperties/Kingsland/default.aspx","text/html","ZOAFXGWYWVZ7HDDKXLR3TKABU6OPCFL2"
"20170216232616","http://ricegroupinc.com/listingproperties/Kingston/default.aspx","text/html","AHNOWG6PJAELFAG2XRE3K43SDTATQL6M"
"20160816083058","http://ricegroupinc.com/listingproperties/Kirvin_/default.aspx","text/html","Q3557HUVPBRLM4BZVBUC4KFW5XTR3EHQ"
"20170217112323","http://ricegroupinc.com/listingproperties/Klondike/default.aspx","text/html","WNX7AHI5YXVKK7GZJ6OV2POU2SG7MPJD"
"20170216231118","http://ricegroupinc.com/listingproperties/Knox_City/default.aspx","text/html","ZF6ZGF5JJKJHVSILMD3UJ7MVPEML6IDO"
"20170216232709","http://ricegroupinc.com/listingproperties/Kopperl/default.aspx","text/html","F7O7BDGG4DHWSITN3AMUJV5TJK6APZI7"
"20170216232641","http://ricegroupinc.com/listingproperties/Kosse_/default.aspx","text/html","7J6EPZAPROV2LWMUZBNRLHWRV5BJESKN"
"20170216230727","http://ricegroupinc.com/listingproperties/Krugerville_/default.aspx","text/html","W3D7WP2I6ZYWWGEBDHV2VIOZO4TK4AYT"
"20170217051911","http://ricegroupinc.com/listingproperties/Krum_/default.aspx","text/html","UANNJGLFF53MNVNUDGLSA7AAWWFTIL4U"
"20170217112221","http://ricegroupinc.com/listingproperties/Kyle_/default.aspx","text/html","CH63TA5GRTJQKYW23ZKXG3RXIKKZ6FK4"
"20170217071517","http://ricegroupinc.com/listingproperties/Ladonia_/default.aspx","text/html","TEX6RGQX2YKCDAWB6SROSKUIVI2JNNPL"
"20170217040710","http://ricegroupinc.com/listingproperties/Lago_Vista_/default.aspx","text/html","FP37YBGGUHI76JD4YERVN7YIGF5OKWIT"
"20170217051241","http://ricegroupinc.com/listingproperties/Laguna_Park/default.aspx","text/html","6IFGTAE6HJZOPSD4LVS45HHF3QWXWF2F"
"20170216234715","http://ricegroupinc.com/listingproperties/Laguna_Vista_/default.aspx","text/html","UVNH6Q4FYOGIOUSQH4KLYOS3UJJV7RDA"
"20170216232821","http://ricegroupinc.com/listingproperties/Lake_Bridgeport_/default.aspx","text/html","LXWVI6I34U2NHJYCMX2JKTAJHI62Z3MJ"
"20170217051932","http://ricegroupinc.com/listingproperties/Lake_Brownwood/default.aspx","text/html","QS5PEP7WRIF73UBAUZKQQXHU4WTISI7C"
"20160816074243","http://ricegroupinc.com/listingproperties/Lake_Cisco/default.aspx","text/html","J57Q25C6V2QL2XQNCLZSFM3KCP5XFPG2"
"20160816053939","http://ricegroupinc.com/listingproperties/Lake_Creek/default.aspx","text/html","IXSBCW5OF67BOI27YZH3VCMX3JZB2LUM"
"20170217113051","http://ricegroupinc.com/listingproperties/Lake_Dallas_/default.aspx","text/html","QHJXOCEIXT5BAW2RJ23LW7FTTG24E4AE"
"20170217112235","http://ricegroupinc.com/listingproperties/Lake_Kiowa/default.aspx","text/html","Z5SEHDA746XD7KJRA6PMJD2W7GKU4S3A"
"20170217024329","http://ricegroupinc.com/listingproperties/Lake_Worth_/default.aspx","text/html","LX2OQDZOUQFE2CXXEMVSILMVKIPCIM57"
"20170216231008","http://ricegroupinc.com/listingproperties/Lakeside___/default.aspx","text/html","BBERXQJGINTIC7UHLNAVLKXDM6IYPDF7"
"20170217005418","http://ricegroupinc.com/listingproperties/Lakewood_Village_/default.aspx","text/html","V3XX3VPRX24SCRZXLB2AITUTFUW4QGP3"
"20160816044633","http://ricegroupinc.com/listingproperties/Lamasco/default.aspx","text/html","TNPZOXRPT5XQ5ZFBB5AJ7U5VBI43WUO3"
"20170216230450","http://ricegroupinc.com/listingproperties/Lampasas_/default.aspx","text/html","MBQJYD4UWDJQBPGEJM7GIAVHWYVFJXWN"
"20170216232538","http://ricegroupinc.com/listingproperties/Lancaster_/default.aspx","text/html","IHVFJBUQTKKFGXG7E34UULNRJ6TJF4C3"
"20170217052041","http://ricegroupinc.com/listingproperties/Laneville/default.aspx","text/html","CAIW4RPVC677MTCDNYGE4N6MHXEX5OGI"
"20170217113212","http://ricegroupinc.com/listingproperties/Lantana/default.aspx","text/html","AMXMPHLTMLU6JRPACECSNKAAWAMOXRR2"
"20170217084839","http://ricegroupinc.com/listingproperties/Larue/default.aspx","text/html","6YJGLXRMN3Y6VOOKD2RD5CJHL4226HB2"
"20160816035932","http://ricegroupinc.com/listingproperties/Las_Vegas/default.aspx","text/html","IQ4OMJE4QE53O4JNNK4D6LAKE63DJGAW"
"20170216232702","http://ricegroupinc.com/listingproperties/Lavon_/default.aspx","text/html","HE7J66TMQRI2JI62DVC5G3BBCT5524GY"
"20170217052244","http://ricegroupinc.com/listingproperties/Lawn_/default.aspx","text/html","A35P72T56QTN7Q3VA4TCW35MSLFMG3AZ"
"20160816070657","http://ricegroupinc.com/listingproperties/Layou/default.aspx","text/html","PW6Z2AIQFCSH4FMSS3777P6MROQ5LTGX"
"20170216170226","http://ricegroupinc.com/listingproperties/Leesburg/default.aspx","text/html","MUOIHVNF7FTZXFOKQETBQ56OEY337IBU"
"20160816081833","http://ricegroupinc.com/listingproperties/Leona_/default.aspx","text/html","RYOWDOZRBB2STJKAC632UMYZNHRMRBHG"
"20170217113011","http://ricegroupinc.com/listingproperties/Leonard_/default.aspx","text/html","JV3E6MK4J6LTT557C4O64VQ222V36B4L"
"20170217064141","http://ricegroupinc.com/listingproperties/Levelland_/default.aspx","text/html","EI7EZDAVGOY45WSKVV2A65NWI5ALUMEL"
"20170217113232","http://ricegroupinc.com/listingproperties/Lewisville__/default.aspx","text/html","FI2BSJSZ5224LS62PXTOGJCOQP7WBF3H"
"20170217112112","http://ricegroupinc.com/listingproperties/Liberty_/default.aspx","text/html","W4EWSCPZ3DDPUSUQJD2BRUNQGM2VYGJG"
"20160816051548","http://ricegroupinc.com/listingproperties/Lillian/default.aspx","text/html","MJ27WRFZ4GA6JOGKO4FEDVMUWDCKKCCH"
"20170216170025","http://ricegroupinc.com/listingproperties/Lindale_/default.aspx","text/html","ZO2DX4BDKL5MOCJYYY2RJFZRYS67WYHY"
"20170216232401","http://ricegroupinc.com/listingproperties/Lindsay_/default.aspx","text/html","I2YA2W6AOUQGVEPXWGNJGQE5MHNHKPYG"
"20170217085135","http://ricegroupinc.com/listingproperties/Lingleville/default.aspx","text/html","P2GMNAH5ZPI2LADNERV57FFW5OLNSSQM"
"20170216172608","http://ricegroupinc.com/listingproperties/Lipan_/default.aspx","text/html","UDQTVLQOZMP7KWL2C4OP5Y5REC2KLE5H"
"20170217050921","http://ricegroupinc.com/listingproperties/Little_Elm_/default.aspx","text/html","T7WMB5WC7QDWFWNCNLTTSTO3QHFY65LM"
"20170217051128","http://ricegroupinc.com/listingproperties/Livingston_/default.aspx","text/html","CRL4HYMIVQWIPWXUL3SJMKMYWOPYUZE5"
"20170217052003","http://ricegroupinc.com/listingproperties/Llano_/default.aspx","text/html","Y6TEYQRGY2RST4WTDZETOTGVXVIV67A2"
"20160816070003","http://ricegroupinc.com/listingproperties/Lockhart_/default.aspx","text/html","GGRDGJI5S7PPOBZUMKHPMRMBSSVFK2YP"
"20170217035321","http://ricegroupinc.com/listingproperties/Log_Cabin_/default.aspx","text/html","FTOA65RIGLXFKN662ODH4L4SOUT2V4Y2"
"20170217112105","http://ricegroupinc.com/listingproperties/Lometa_/default.aspx","text/html","3N2QCFF3J2XSW4Z6RGLDUTHXYWYDCKUV"
"20170217112937","http://ricegroupinc.com/listingproperties/Lone_Oak_/default.aspx","text/html","WRNVKXZPZCLUUDTHVY445NBJX5HX55CR"
"20170216171238","http://ricegroupinc.com/listingproperties/Lone_Star_/default.aspx","text/html","LODAULAJZJQ5S5X5P7D6HMLW7P24OP3X"
"20170217052023","http://ricegroupinc.com/listingproperties/Long_Branch/default.aspx","text/html","KI7X75OMAGPRHHBPOUMH575P3MMVJFXO"
"20170216232659","http://ricegroupinc.com/listingproperties/Longview__/default.aspx","text/html","OFW5UIEUBJF3D3QKXAN55YRKZIGBDSOX"
"20170217051234","http://ricegroupinc.com/listingproperties/Lorena_/default.aspx","text/html","6O5JQDBMRFLKTPB7KPZILAZ6FB5B2IJH"
"20170217113307","http://ricegroupinc.com/listingproperties/Lott_/default.aspx","text/html","DCMGTZUA2FYPJAMO2B3QQRLWQKAQQP4W"
"20170216232753","http://ricegroupinc.com/listingproperties/Loving/default.aspx","text/html","CXQINRTYRM4HDESQS4PJK7JYEBD2QJ52"
"20170217112207","http://ricegroupinc.com/listingproperties/Lowry_Crossing_/default.aspx","text/html","2BGEEQG5AW6BVLLBJGYPCPSKE7MIEF3L"
"20170216232609","http://ricegroupinc.com/listingproperties/Lubbock/default.aspx","text/html","O53B5TR7I36KEKBUIXEBUR7BYF4XNOTN"
"20170217112155","http://ricegroupinc.com/listingproperties/Lucas_/default.aspx","text/html","2O5MOJEXEM7L5HY2FVTTEKZFCSVEAXNR"
"20170216231154","http://ricegroupinc.com/listingproperties/Lueders__/default.aspx","text/html","FXV7KRUV53565OSFBLTXF6YOTX363ONK"
"20170216234708","http://ricegroupinc.com/listingproperties/Lufkin_/default.aspx","text/html","XKWQGH3IB6J7XRTHRIX5G2QGTXW46DYU"
"20170216230925","http://ricegroupinc.com/listingproperties/Lyford_/default.aspx","text/html","J52KYHUDBNRD27LRIVLUMAOEBMNYWWX3"
"20160816063825","http://ricegroupinc.com/listingproperties/Lytle__/default.aspx","text/html","S72HG4P7FEN5IOCYEMZGDFBGPODASHCT"
"20170216231042","http://ricegroupinc.com/listingproperties/Mabank__/default.aspx","text/html","POYHGTJRUWAARSPTVLGIJWS6DGU3ORR6"
"20170216235751","http://ricegroupinc.com/listingproperties/Magnolia_/default.aspx","text/html","DOUAGBMAXHH5RCCGBOS3K6QGBMA6DJME"
"20170217052101","http://ricegroupinc.com/listingproperties/Malakoff_/default.aspx","text/html","MGTGCRNKT7KLFVV2VIDDPDUSB6PKKUG2"
"20160816075942","http://ricegroupinc.com/listingproperties/Malone_/default.aspx","text/html","G6EE4D5XWQ67HTW2LYVCZVRDW6H5PGC6"
"20170216230420","http://ricegroupinc.com/listingproperties/Manila/default.aspx","text/html","TKM7QVPSMM7ZJQTROZ5RZCEUOWE3WYJ3"
"20160816075120","http://ricegroupinc.com/listingproperties/Mansfield__/default.aspx","text/html","DQCBFY5QHFLHDKGVPJ36MLSR75YXD7N2"
"20170217030219","http://ricegroupinc.com/listingproperties/Marble_Falls_/default.aspx","text/html","CPP7ZRCA64W3DFCBDBNIVGTAXND3QQ47"
"20170216234746","http://ricegroupinc.com/listingproperties/Marietta/default.aspx","text/html","4MV655X36AV672IMQR4EKKFQP352LN2M"
"20170217052236","http://ricegroupinc.com/listingproperties/Marlin_/default.aspx","text/html","JHY7NRXBTCMGWNLTIZBAOZDX7YSNWKNI"
"20170217051616","http://ricegroupinc.com/listingproperties/Marshall_/default.aspx","text/html","LJNFM2JYB7DYR4DROATBI5GXWRDP7YJM"
"20170216230745","http://ricegroupinc.com/listingproperties/Mart_/default.aspx","text/html","33WVNCRTETPKPCG5J5W64G7ZQDYOOBNO"
"20170217081312","http://ricegroupinc.com/listingproperties/Maryneal/default.aspx","text/html","ZMXCAVTJCAH3C7DL7U7YFP2G4X3YG7J6"
"20170217091634","http://ricegroupinc.com/listingproperties/Mason_/default.aspx","text/html","JOW7HAKSJ4BYQ3NXDRYRLET3VXA5F7H5"
"20170216232549","http://ricegroupinc.com/listingproperties/May/default.aspx","text/html","UL3XJQ7OXOMU5QWG5PASQQFF2T5WGVMG"
"20170216231137","http://ricegroupinc.com/listingproperties/Maypearl_/default.aspx","text/html","NSGAXP2CZYTJ6S44QRSBMKHFRVK4IXVG"
"20170217051919","http://ricegroupinc.com/listingproperties/Mc_Gregor/default.aspx","text/html","UNBUAQKKTBF7HU26QHCDEN7CFCLTPPEJ"
"20170216183104","http://ricegroupinc.com/listingproperties/McAllen_/default.aspx","text/html","NWCFTFM7PA63OQY44HR57UB3BNJWT6KL"
"20170217113341","http://ricegroupinc.com/listingproperties/McCaulley/default.aspx","text/html","ICSY4EAXLXDRPJB6GJMICG6RRXFUZUS2"
"20170216233103","http://ricegroupinc.com/listingproperties/McKinney_/default.aspx","text/html","VXRMG5BEPOOTHXEFYPWGRGH5GHDIK6MF"
"20170217051941","http://ricegroupinc.com/listingproperties/McLendon_Chisholm/default.aspx","text/html","IHXCJL2JUF7UXEO6ZW3N4BK6EQ7B4PTU"
"20170217051726","http://ricegroupinc.com/listingproperties/Mead/default.aspx","text/html","7CVU6Y7CV5DFYSS4FQL3UUKPHN3FXROQ"
"20170217051928","http://ricegroupinc.com/listingproperties/Meadowlakes_/default.aspx","text/html","6SROT75MUWNLA3OPUODIH7HDIVPAY75X"
"20170216232749","http://ricegroupinc.com/listingproperties/Melissa_/default.aspx","text/html","SG22YI77PYJ3WZ65XX7DGV7FSOTXXPSE"
"20170217112102","http://ricegroupinc.com/listingproperties/Memphis_/default.aspx","text/html","OY2HYBK5FKJSLSKTMYJODINSYRFPIIQD"
"20170217113722","http://ricegroupinc.com/listingproperties/Menard_/default.aspx","text/html","FRNAJLGPUFADVDUMLRMNPNZBBFUUXDCZ"
"20170216232655","http://ricegroupinc.com/listingproperties/Meridian_/default.aspx","text/html","IPKH3T6JMTTKZIFEJCKYOOVSOADMIKBX"
"20170216232535","http://ricegroupinc.com/listingproperties/Merkel_/default.aspx","text/html","B4BIQI6GCWB7TY555ZDRBKKIUZOD345Q"
"20170217051923","http://ricegroupinc.com/listingproperties/Mertens_/default.aspx","text/html","32X3G6UVOZDC6TZZUGZV7HOQ6T6VWLXA"
"20170216232357","http://ricegroupinc.com/listingproperties/Mesquite_/default.aspx","text/html","S6WPRYBHMJFGKEAXBPR7OPCQV646I6RV"
"20170217112309","http://ricegroupinc.com/listingproperties/Mexia_/default.aspx","text/html","M3HQJ66VKRN2S4SYT6AWWD5FEED42KWX"
"20170216190417","http://ricegroupinc.com/listingproperties/Midland_/default.aspx","text/html","MDE77XEMU2JBB6ZY6U2KH3Q52DZHWONY"
"20170217113219","http://ricegroupinc.com/listingproperties/Midlothian_/default.aspx","text/html","H3PTPQFMOE75PTKAFF327FK77PX7VTJK"
"20170217051145","http://ricegroupinc.com/listingproperties/Milano_/default.aspx","text/html","HDBLTVIMTWWQRFOCAZNQPKKY7Y6DIQBP"
"20170217051224","http://ricegroupinc.com/listingproperties/Milburn/default.aspx","text/html","FD7NOI72RPPPYEEQUWW5LJIAGERH2Y43"
"20170217113642","http://ricegroupinc.com/listingproperties/Mildred_/default.aspx","text/html","2WPLDE3K7KFS3BYGDPZTVZYGIWWSEDLY"
"20170216190155","http://ricegroupinc.com/listingproperties/Milford_/default.aspx","text/html","YY2UECIT5HHUYZUFWI5AT7P3FY5MHXU4"
"20160816065710","http://ricegroupinc.com/listingproperties/Miller_Grove/default.aspx","text/html","HZN2TGOVXMLVNPIFDDXZCJZELRMRWLJJ"
"20170216232652","http://ricegroupinc.com/listingproperties/Millersview/default.aspx","text/html","IOPFHY3W6KTNY5VJPDGC3VV6FIIKTWE6"
"20170217004349","http://ricegroupinc.com/listingproperties/Millsap_/default.aspx","text/html","J24E45DPBX6N2SRUS3N6VC3PMFE4UR37"
"20170217052207","http://ricegroupinc.com/listingproperties/Mineola_/default.aspx","text/html","ZUBR7YTKHZJKVT2RUKS2DQPC2RXPVAXA"
"20170217113333","http://ricegroupinc.com/listingproperties/Mineral_Wells__/default.aspx","text/html","JQNOGO2X2PBWZH7RPW7XUOCQD75OBQLF"
"20170217071556","http://ricegroupinc.com/listingproperties/Mingus_/default.aspx","text/html","UYAWVPIDDEO3DH6ZXLWI7NVXVDZR6TDG"
"20170216200027","http://ricegroupinc.com/listingproperties/Monahans__/default.aspx","text/html","ZGBBN3CM7VASARAZUHK7GFIVTFDBVHSQ"
"20170216232806","http://ricegroupinc.com/listingproperties/Montague/default.aspx","text/html","KZJZ4F6FY7QHYVDY5PUYFU3R43DRMKG5"
"20170217112232","http://ricegroupinc.com/listingproperties/Montalba/default.aspx","text/html","7SED3KYNACBJXGP5E56FCTDHUTF5UVX7"
"20170217053123","http://ricegroupinc.com/listingproperties/Montgomery_/default.aspx","text/html","ONA7K44IB7OUAVUTDYOXYS7O7BRBMUYD"
"20170217053242","http://ricegroupinc.com/listingproperties/Moran_/default.aspx","text/html","ZYSETZ3WFHXKIGESPYIHSXJCGLKXW2KJ"
"20170216234711","http://ricegroupinc.com/listingproperties/Morgan_/default.aspx","text/html","NQKDXB7R3V2SQY3DDXM43UMMNPGGL3QQ"
"20170217091716","http://ricegroupinc.com/listingproperties/Morgan_Mill/default.aspx","text/html","XGFO7O4TH32WUS7QAO4MP3544KIJWTON"
"20170217112244","http://ricegroupinc.com/listingproperties/Morgans_Point_Resort/default.aspx","text/html","2MC4SBJ4A27U5EWUECSTAXA2WNM7R3ED"
"20170217051839","http://ricegroupinc.com/listingproperties/Mount_Calm_/default.aspx","text/html","WJGTAQNNOAKJ5LCM3L7LAVGF6VICGBL5"
"20170216213935","http://ricegroupinc.com/listingproperties/Mount_Enterprise_/default.aspx","text/html","ONAUQAKFOJ3BHJ3VJX6DDJXJROAZFYQQ"
"20170217052027","http://ricegroupinc.com/listingproperties/Mount_Pleasant_/default.aspx","text/html","TUTFPJGGS45DUM26GTW4F34J463UN2SO"
"20170217112133","http://ricegroupinc.com/listingproperties/Mount_Vernon_/default.aspx","text/html","3ZLA3B663VWQERZ67YHGVJDSHFOPYYXY"
"20160816085641","http://ricegroupinc.com/listingproperties/Moyers/default.aspx","text/html","6UZTUVLUBVRCOIL4CBITVXVWBYTWN2S7"
"20170217052019","http://ricegroupinc.com/listingproperties/Muenster_/default.aspx","text/html","VNQ2H6SRBZXVSNC4NEVBIJL54BVEMYKO"
"20170217112203","http://ricegroupinc.com/listingproperties/Muleshoe_/default.aspx","text/html","XYR4DM3WUH3NKGLDVWG2QZ24BMOOQJBL"
"20170216230436","http://ricegroupinc.com/listingproperties/Mullin_/default.aspx","text/html","FBY2VA3NGQEGULT3ICRHTVBANKYJYU34"
"20170217055903","http://ricegroupinc.com/listingproperties/Munday_/default.aspx","text/html","SMIZQ2ELKZWI76MIVGR4E2W4HNYP6APK"
"20170216232409","http://ricegroupinc.com/listingproperties/Murchison_/default.aspx","text/html","CXKZP46QT3KNIVQR64DQQMNY4RXE5XBN"
"20170216231029","http://ricegroupinc.com/listingproperties/Murphy_/default.aspx","text/html","TEKSU3UJLQ3EXN2WX5QHINQZFTES6HBT"
"20170216231239","http://ricegroupinc.com/listingproperties/Myra/default.aspx","text/html","NVKNSANUWULZA4OV24WTGONALAHXDZSR"
"20160816065440","http://ricegroupinc.com/listingproperties/Nacogdoches_/default.aspx","text/html","REMD46HHI6Y7X7B7NY5CG5HAR6BN6Y77"
"20170217051914","http://ricegroupinc.com/listingproperties/Naples_/default.aspx","text/html","TODXQ76LI6HNNTDNHW7C4OBIIX7JSPGV"
"20170217052130","http://ricegroupinc.com/listingproperties/Navarro_/default.aspx","text/html","MNU3DQVPBQ67HNELJ5Q56YJLPDISWCCR"
"20170217045823","http://ricegroupinc.com/listingproperties/Neches/default.aspx","text/html","LIVAHLZZPNFWGTTGEUPTV6BZ62XSLTXT"
"20170216203128","http://ricegroupinc.com/listingproperties/Nemo/default.aspx","text/html","JB34MNWPDQGJTUYAGLYJA6HRMQNWPJVI"
"20170217051050","http://ricegroupinc.com/listingproperties/Nevada_/default.aspx","text/html","EC3ZXOIFKHCPWNFYDFFLYVGJMLW23RT2"
"20170217082215","http://ricegroupinc.com/listingproperties/New_Boston_/default.aspx","text/html","7Y5DF6M7OBIOLNEL463N6XFRZM6GCJUW"
"20170216193513","http://ricegroupinc.com/listingproperties/New_Braunfels__/default.aspx","text/html","DA6UDHWZLRVDM7RSR74WSLTTC4AUHPV6"
"20160816053653","http://ricegroupinc.com/listingproperties/New_Fairview/default.aspx","text/html","TST5G7IL5FGMG22UT7PCGIGSDJJDBYWJ"
"20170216230625","http://ricegroupinc.com/listingproperties/New_Hope_/default.aspx","text/html","K6JJH5AM6XQQJWCIXJ347LHJ5VBOQC7C"
"20170217052044","http://ricegroupinc.com/listingproperties/New_Summerfield_/default.aspx","text/html","XQY32ZE4EJUOBHTJ6JOQPRK7MLZKHYEA"
"20170217001949","http://ricegroupinc.com/listingproperties/Newark__/default.aspx","text/html","P4GYC4EUVQM45742OSENMNTB3HIGYIRF"
"20170217010817","http://ricegroupinc.com/listingproperties/Newcastle_/default.aspx","text/html","QPHSX2KHSOAY3WJA2VSSQXQJE3KFRINB"
"20170217084049","http://ricegroupinc.com/listingproperties/Newton_/default.aspx","text/html","LEV2OL2RUL44YDN3QVCYGT7CL2QMG7UX"
"20170217055706","http://ricegroupinc.com/listingproperties/Nice/default.aspx","text/html","NZ5ZS56JGMCUKXMX2TU5IZVTQXJOCB74"
"20170217032732","http://ricegroupinc.com/listingproperties/No_City/default.aspx","text/html","M3D7B2HHJ5GKNKE7OHUBZC2IAWTCMR54"
"20170216170148","http://ricegroupinc.com/listingproperties/Nocona_/default.aspx","text/html","H2MKDMESMJGMKXQDRCFTO3CBW6RHYXSQ"
"20170217052038","http://ricegroupinc.com/listingproperties/Nolan/default.aspx","text/html","2VDHINW4QGABZ54LQC6BVFOHACPLH4Y5"
"20170216231220","http://ricegroupinc.com/listingproperties/North_Richland_Hills_/default.aspx","text/html","BJI7HC7RSGIQDHNJLNM5DWPJMIONUUAQ"
"20170216231045","http://ricegroupinc.com/listingproperties/Northlake_/default.aspx","text/html","VYVPGXREYXNG4HD2EN27XCRAWIDI5LWA"
"20170216234703","http://ricegroupinc.com/listingproperties/Novice_/default.aspx","text/html","TKXK3FD6D3DG6UPQSCXJFDIPVKAXIIEW"
"20170217011000","http://ricegroupinc.com/listingproperties/Oak_Leaf_/default.aspx","text/html","KMIW7PDOLWZDI27QPH5QQOJ7J7G3IHAT"
"20170216231209","http://ricegroupinc.com/listingproperties/Oak_Point_/default.aspx","text/html","TD5ZMNNU2FW4XIXDKPSPN2LPQP5SLQZW"
"20170216230405","http://ricegroupinc.com/listingproperties/Oak_Ridge_/default.aspx","text/html","DTP3X7DTV76JCFBAYD2RXUC4NB4O2PHZ"
"20170217112316","http://ricegroupinc.com/listingproperties/Oakwood_/default.aspx","text/html","DN66LBFSAURY3AUB5TKJ3GIYC3THZDJM"
"20170216230936","http://ricegroupinc.com/listingproperties/OBrien/default.aspx","text/html","H27BIG4L4Q6VNRLWI3TLCEELVQ7YR7VY"
"20170216174017","http://ricegroupinc.com/listingproperties/Odessa__/default.aspx","text/html","JI6YZLSCL44LLQJSISYVEFU2R6RUC3CE"
"20170216205407","http://ricegroupinc.com/listingproperties/Oklaunion/default.aspx","text/html","6BL5CXSVUK3EQF27MGHK3ICIBVK766CP"
"20170217052248","http://ricegroupinc.com/listingproperties/Old_Glory/default.aspx","text/html","NDREKUQGNNG2YW7SB7VDFGTOZ73CRLO3"
"20170216230816","http://ricegroupinc.com/listingproperties/Olden/default.aspx","text/html","SIO2DPVHX6LFQS7WOGD5M6BFFT4SDWRG"
"20170217113250","http://ricegroupinc.com/listingproperties/Olney_/default.aspx","text/html","IAF2SGQYVORQ5Y2EZMOGHNMKPLFWKGAJ"
"20170216232742","http://ricegroupinc.com/listingproperties/Omaha_/default.aspx","text/html","WQOXVCANX6U6BITPBQ4PSQDYYRWI54CI"
"20170217030527","http://ricegroupinc.com/listingproperties/Oplin/default.aspx","text/html","UVE6BSEJDZ57IFMDC56DDEDZLWC3IRKC"
"20160816052448","http://ricegroupinc.com/listingproperties/Ore_City/default.aspx","text/html","J6AY6TMN3IHBOINZU4R5DJKOBFHCT22J"
"20170217112949","http://ricegroupinc.com/listingproperties/Ovalo/default.aspx","text/html","PEZMLO2RAFRXDJMYGQFQFDIMYVQRCC6B"
"20170216232833","http://ricegroupinc.com/listingproperties/Overton__/default.aspx","text/html","STW4Z6BTLLNY63HFRQC3AVGSNSLH6EZA"
"20170217113200","http://ricegroupinc.com/listingproperties/Ovilla__/default.aspx","text/html","FBIV6EQEFS4C7JSTQS4V4KSYRGRLSQSG"
"20170217024333","http://ricegroupinc.com/listingproperties/Ozona/default.aspx","text/html","KTM37ZTSRWMEJZMBN2IUGPHAI2VLJ2ZV"
"20170217024541","http://ricegroupinc.com/listingproperties/Paducah/default.aspx","text/html","FCAXT6I4EF3LC35GWFAYDLICK4K3I27A"
"20170216232623","http://ricegroupinc.com/listingproperties/Palacios_/default.aspx","text/html","HCXWFB6FEQBZQRTLXO423MHAPU64IYLS"
"20170216222531","http://ricegroupinc.com/listingproperties/Palestine_/default.aspx","text/html","LUQHLPDTDO5ZDGOVCC4OHGJSKLKCVZP4"
"20170216230719","http://ricegroupinc.com/listingproperties/Palmer_/default.aspx","text/html","3J2DRXXHZNU66H3NJ4433ZIIG5QNWWCK"
"20170217043609","http://ricegroupinc.com/listingproperties/Palo_Pinto/default.aspx","text/html","NAZ3DNQJTBGBT6HZ43IXAJAHIPCH74C6"
"20170216231053","http://ricegroupinc.com/listingproperties/Pampa_/default.aspx","text/html","OJICDZH5WAM6RUCHOLZ6MGAEY5SE4RGR"
"20170216232738","http://ricegroupinc.com/listingproperties/Panhandle_/default.aspx","text/html","YUEF72T4AF7BECNGSZXMVNEKOCEWGLKE"
"20160816062117","http://ricegroupinc.com/listingproperties/Panola/default.aspx","text/html","ZP7T3EZFWPKP2KKLWQETSCX5G2OASJIF"
"20170217000132","http://ricegroupinc.com/listingproperties/Pantego_/default.aspx","text/html","L3FTI3ZZJTYX5L6WDH24V5OQCNGAWYHS"
"20170216231255","http://ricegroupinc.com/listingproperties/Paradise_/default.aspx","text/html","EXHS7FFGOFHKHE5VQGAAOVMOJYOMBWQZ"
"20170217051715","http://ricegroupinc.com/listingproperties/Paris_/default.aspx","text/html","5BMCWOGFY6Q4IQAVDL2QAVKGY7FOGXUD"
"20170216183715","http://ricegroupinc.com/listingproperties/Parker_/default.aspx","text/html","TDHXA52OVY3367LFDYRQKDTH7FCE2C67"
"20170217113718","http://ricegroupinc.com/listingproperties/Pattonville/default.aspx","text/html","52KCXZES4WM2OZECOEDMBAAH677OIL5W"
"20170216232704","http://ricegroupinc.com/listingproperties/Payne_Springs_/default.aspx","text/html","VXYTDCDCX32MEF2Z6OWTFBKKHTBC374W"
"20160816033700","http://ricegroupinc.com/listingproperties/Pecan_Gap__/default.aspx","text/html","ROACEHORAAEHUU7PC2ANCQI4TWZNUEVU"
"20170217022008","http://ricegroupinc.com/listingproperties/Pecan_Hill_/default.aspx","text/html","WPYUISUGM2MPDNTYWC7CYFBJXV6PQBNA"
"20170217113007","http://ricegroupinc.com/listingproperties/Pelican_Bay_/default.aspx","text/html","L5U3W4MQX3TLRHZFE2D5CBT2WAT4O7V3"
"20170216233114","http://ricegroupinc.com/listingproperties/Penelope_/default.aspx","text/html","AJWMUNO6XOJYJ5VHPXRNOP2ZRDWTU2QX"
"20170217113024","http://ricegroupinc.com/listingproperties/Perrin/default.aspx","text/html","JWWPYIYY3HAHANMFRLZNYLUVXLWXF6VL"
"20170217021403","http://ricegroupinc.com/listingproperties/Pflugerville_/default.aspx","text/html","YQ2SRV46U6FYRJQ23QX7IJC4GGPF44V6"
"20170216232538","http://ricegroupinc.com/listingproperties/Pickton/default.aspx","text/html","UBUWTJMQLTKB64Z5HZS4DQNVZIPHXZZJ"
"20170216232619","http://ricegroupinc.com/listingproperties/Pilot_Point_/default.aspx","text/html","PPGY6DWZIJ52RDWKOI2LBBS4KJR2OMRK"
"20170216200349","http://ricegroupinc.com/listingproperties/Pittsburg_/default.aspx","text/html","3335MVLJQ3PW5S3DE2JOYCBDOBUAVF7Q"
"20170217051249","http://ricegroupinc.com/listingproperties/Plainview_/default.aspx","text/html","EFQSEW6KA4I6EHJAGJVE7V524RNTINCU"
"20170216232640","http://ricegroupinc.com/listingproperties/Plano__/default.aspx","text/html","MBJNDHQGCSGBHMJJSANAVYODVWD2MJCM"
"20170216171358","http://ricegroupinc.com/listingproperties/Playa_del_Carmen/default.aspx","text/html","Y2XCSCBRJFQEJ2XSA6C57ABDFWBSM5GT"
"20170217052048","http://ricegroupinc.com/listingproperties/Playa_Hermosa/default.aspx","text/html","WGQICV27MVXF4YMVC6ZMT5HVVNFJ3MAS"
"20170217055925","http://ricegroupinc.com/listingproperties/Poetry/default.aspx","text/html","W6P5JEGIZ4ODLXNSLR25M3GJ52NLFDBN"
"20170216232825","http://ricegroupinc.com/listingproperties/Point_/default.aspx","text/html","UKXTU56RHC3VLSRFP3N5IX2CS72WWCTS"
"20170217113349","http://ricegroupinc.com/listingproperties/Ponder_/default.aspx","text/html","OBBN356UFNQ6QDHK7QPPNBW45ENKY5WZ"
"20170216231103","http://ricegroupinc.com/listingproperties/Poolville/default.aspx","text/html","RIHRGXNYPIFZ5MX42DB2PCVNR2O63TMP"
"20160816064102","http://ricegroupinc.com/listingproperties/Port_Isabel_/default.aspx","text/html","ASBCUJ6ZJX2DVOMGOJKNKXFGPNVOKPXV"
"20170216230408","http://ricegroupinc.com/listingproperties/Possum_Kingdom_Lake/default.aspx","text/html","PQBBFZ2YNNXP7QXVW6MFW6I5T3OSWMV6"
"20160816051221","http://ricegroupinc.com/listingproperties/Poteet_/default.aspx","text/html","O4Z6NOOSD6AEM4F7ML4OY3SG4W7VIQEH"
"20170217051937","http://ricegroupinc.com/listingproperties/Pottsboro_/default.aspx","text/html","OJEEI43CBPQKGP7HJK6U7ZXBOMMOREDL"
"20170216232627","http://ricegroupinc.com/listingproperties/Pottsville/default.aspx","text/html","6TUE25Z4LUWVZWSIFSWOC66H5D7ATK6J"
"20170217052156","http://ricegroupinc.com/listingproperties/Powderly/default.aspx","text/html","4WBHJY5KC4R2TD6UAJ72FQEFM54NHUQ6"
"20170216171245","http://ricegroupinc.com/listingproperties/Powell_/default.aspx","text/html","YRBTLIWMIGIAZJMD6CJ4H4BXPGCO5K7Q"
"20170217112313","http://ricegroupinc.com/listingproperties/Poynor_/default.aspx","text/html","56HGZPVKJMKIH666JAMCIM3AJK3H2X3K"
"20160816065824","http://ricegroupinc.com/listingproperties/Prairie_Hill/default.aspx","text/html","UZKUAUPXRX7BGC323WKF5BKIXSJ3UNMK"
"20170216231024","http://ricegroupinc.com/listingproperties/Presidio_/default.aspx","text/html","UUDZH52HU67HQAZOZWBJBVZ3A6STTACQ"
"20170217051005","http://ricegroupinc.com/listingproperties/Priddy/default.aspx","text/html","BFAHO4SIWJAABLW6OPCYRHDP3PJ3UIYU"
"20170217001420","http://ricegroupinc.com/listingproperties/Princeton_/default.aspx","text/html","46RSP5AIHXO4BV6ZI6CABWUZT73UICJE"
"20170217112944","http://ricegroupinc.com/listingproperties/Proctor/default.aspx","text/html","X4ZIIF3IW6KIYAZ3TQW77F43H7QGXZZF"
"20170217052145","http://ricegroupinc.com/listingproperties/Prosper_/default.aspx","text/html","IWAAKNZQFW5A6ZAJEVJJAZG6WW2KC6OP"
"20170217052635","http://ricegroupinc.com/listingproperties/Providence_Village/default.aspx","text/html","ZM7XKZYNSAIMS3ZLHCXXEKECL5A76OGN"
"20170217113300","http://ricegroupinc.com/listingproperties/Provincetown/default.aspx","text/html","JF4S2BSKMYJFND5HGGQHNBYPDJINEGUR"
"20170217005009","http://ricegroupinc.com/listingproperties/Purdon/default.aspx","text/html","D53JLTLTLDTLYCB6AIJLNIWV32IYMEJ3"
"20170217051857","http://ricegroupinc.com/listingproperties/Purmela/default.aspx","text/html","BCFVU5WE43QAYL24GYVWIWXEAX7RHSG4"
"20170217112941","http://ricegroupinc.com/listingproperties/Putnam_/default.aspx","text/html","EE3YEO4PYAVZDHT2TDE2N5W7W3WFRLIJ"
"20170217051220","http://ricegroupinc.com/listingproperties/Quanah_/default.aspx","text/html","KKR455ZS7AG3O6MM4EKLMSLQGMDJEIH2"
"20160816034420","http://ricegroupinc.com/listingproperties/Queen_City/default.aspx","text/html","FCNU5NBO5BJU32QL7XMYOT5NAEYPTAIE"
"20170216233040","http://ricegroupinc.com/listingproperties/Quinlan_/default.aspx","text/html","CBGZ46ONGRAW57CH2DY3LOU36WZWYXGY"
"20170217071724","http://ricegroupinc.com/listingproperties/Quitman_/default.aspx","text/html","DCVEQ6XRCGNS4NZPM4BO6YGQZRAXGBLW"
"20170217113327","http://ricegroupinc.com/listingproperties/Rainbow/default.aspx","text/html","HNQBYQABZCZG6AE3KVLXY7J7CCY6EWP6"
"20170216231206","http://ricegroupinc.com/listingproperties/Ranger_/default.aspx","text/html","H6CHNCT6ZOVS6OZM6LJVMZIBOFIMO5DC"
"20170217113229","http://ricegroupinc.com/listingproperties/Ravenna_/default.aspx","text/html","RVOMIVVRB3EHMOIU2B7GXLASWVGYOEB2"
"20170216232941","http://ricegroupinc.com/listingproperties/Reagan/default.aspx","text/html","OE2RBU3B2TJJK2KFQ7DRLGH2N6KMNTR5"
"20170217052926","http://ricegroupinc.com/listingproperties/Red_Oak_/default.aspx","text/html","KLUV7LGSEHPSFKRIVLAMVOC5J2HUO4JK"
"20170217051212","http://ricegroupinc.com/listingproperties/Regency/default.aspx","text/html","LBUBRB5G6HP262UHRKGLYHU6743QRL2G"
"20160816085003","http://ricegroupinc.com/listingproperties/Rendon/default.aspx","text/html","CYEVBNY5YMDWKDDYXSNHV6TV5BZGZMNA"
"20170217060927","http://ricegroupinc.com/listingproperties/Reno_/default.aspx","text/html","J4GKBCOSXFN6PCJSEUTTOQGZRVZO4E7O"
"20170217051957","http://ricegroupinc.com/listingproperties/Retreat_/default.aspx","text/html","DX55HRMLARS2XNWACQQGZMKD4BHETXXY"
"20170216232412","http://ricegroupinc.com/listingproperties/Rhome_/default.aspx","text/html","4ZDZ36LJQXCQJBZZKYIGNWVQV4VKHJVO"
"20170216170131","http://ricegroupinc.com/listingproperties/Rice__/default.aspx","text/html","XRZDKPEVFETKJN66FBNS7JYVURUIVCCB"
"20170217052317","http://ricegroupinc.com/listingproperties/Richardson__/default.aspx","text/html","TUF72NQ5T3GWASPA7KN3P6EWEMI3V454"
"20170216231158","http://ricegroupinc.com/listingproperties/Richland_/default.aspx","text/html","RLPXMKXIB36AQ62XH3YRCRH3OEGITDYC"
"20170217002948","http://ricegroupinc.com/listingproperties/Richland_Hills_/default.aspx","text/html","FK2EHYMFT6ZPPWRESHF2DPPJWKF3EXMV"
"20170216232615","http://ricegroupinc.com/listingproperties/Richland_Springs_/default.aspx","text/html","NM7PNQY557NVQCWSYUMZIB43MUR4GJEZ"
"20170217052320","http://ricegroupinc.com/listingproperties/Ridgeway/default.aspx","text/html","SX7EUOMOTUCZAPVSEBUVOAGGNDGGWFCX"
"20170217051824","http://ricegroupinc.com/listingproperties/Riesel_/default.aspx","text/html","IH4JXGQCKEICV5TYZSV3YUYAEMEHHWXO"
"20170217052008","http://ricegroupinc.com/listingproperties/Ringgold/default.aspx","text/html","NY3QGZHRDKWCUKDIQDCMRY5KGN2NA4XN"
"20160816080216","http://ricegroupinc.com/listingproperties/Rio_Hondo_/default.aspx","text/html","QZF7XKWEVOAFB2HNEYTQVVYIL4BQIXPT"
"20170216233146","http://ricegroupinc.com/listingproperties/Rio_Vista_/default.aspx","text/html","OGUQFXJMQCLBXDOXPIRPJPSIRPALZSY3"
"20170217052215","http://ricegroupinc.com/listingproperties/Rising_Star_/default.aspx","text/html","PLB5LLWKH6JUCQIOSUGDOJDTVDH7Q3TH"
"20170217003222","http://ricegroupinc.com/listingproperties/River_Oaks_/default.aspx","text/html","BFTAIFRMWDMQAWOGARAYTTQKBVVTDCYD"
"20160816084554","http://ricegroupinc.com/listingproperties/Roane/default.aspx","text/html","2TSPTCEU63R2I4LSS6JN76TS2X7CV7OI"
"20170217090049","http://ricegroupinc.com/listingproperties/Roanoke_/default.aspx","text/html","F2HCM4BDBUMI5JOJBTDP4TSTX2NNPE5F"
"20160816071310","http://ricegroupinc.com/listingproperties/Roatan/default.aspx","text/html","D2YCUZTYX4GA4ITVDQF6KGZR6XEQDAIP"
"20170216171347","http://ricegroupinc.com/listingproperties/Robert_Lee_/default.aspx","text/html","Z7Q4BFRN2VOFBIMWJKN72OGQDU7MN5QG"
"20170217051937","http://ricegroupinc.com/listingproperties/Robinson_/default.aspx","text/html","PXYN3VFM2LJV2MVJ6WKQHEBHO7L2HMZK"
"20170216234653","http://ricegroupinc.com/listingproperties/Robstown/default.aspx","text/html","PRBJNFIEGKPFGBKMTKSWILFQ5PZCIN4F"
"20170216233143","http://ricegroupinc.com/listingproperties/Roby_/default.aspx","text/html","3DHQRJZGSELERBOYXHKTIUZMQW3IBEQI"
"20170216224412","http://ricegroupinc.com/listingproperties/Rochelle/default.aspx","text/html","UN4UH63JDUOQKPMERXB5DGJENVJGQWI5"
"20160816093105","http://ricegroupinc.com/listingproperties/Rochester_/default.aspx","text/html","QYA6VASQ3VTGAXXIMDLMGELOR5VY7G5P"
"20170216232706","http://ricegroupinc.com/listingproperties/Rockdale_/default.aspx","text/html","BGKLBI5CGSQCJIWHFJ5XZPTI672OH7JQ"
"20170217052240","http://ricegroupinc.com/listingproperties/Rockett/default.aspx","text/html","ITHSF6Y5Y2S3OGUOXETDILDT4FKXFKPG"
"20170217065125","http://ricegroupinc.com/listingproperties/Rockport/default.aspx","text/html","R75ASYE7ZKJE7OUBJY66CIFKRK5YWWMS"
"20170217113113","http://ricegroupinc.com/listingproperties/Rocksprings_/default.aspx","text/html","QNJ77R6ECENADZIN2ZHCGU56UHLSEHP3"
"20170217113016","http://ricegroupinc.com/listingproperties/Rockwall_/default.aspx","text/html","SUCH34HQ2IGPAIN6TYM2FN5HCCFOBMVQ"
"20170216172827","http://ricegroupinc.com/listingproperties/Rockwood/default.aspx","text/html","Y25AZR6X5PF5NUIP6NMJE5MCLYOLHW6Z"
"20170217052335","http://ricegroupinc.com/listingproperties/Roscoe_/default.aspx","text/html","AB5RN3BGWTQFS5UTF5GXLUFSN3BTYZGW"
"20170216232600","http://ricegroupinc.com/listingproperties/Rosebud_/default.aspx","text/html","GILSA5HRHQWDGJUSZHQYGGSCRWCHYJH4"
"20160816091621","http://ricegroupinc.com/listingproperties/Rosser/default.aspx","text/html","I7TFS6BPDLBUCI5PH3YYUSAKZOQKMMZB"
"20170216223504","http://ricegroupinc.com/listingproperties/Rosston/default.aspx","text/html","UAQYZDZBMU6URRQJCR4J3VQPOQDR6OKG"
"20170216231126","http://ricegroupinc.com/listingproperties/Rotan_/default.aspx","text/html","I2HMFPM5XUBY7PPPTOEECTE2O2TLE3GB"
"20170216234731","http://ricegroupinc.com/listingproperties/Round_Rock__/default.aspx","text/html","QZBFUYTM4EMZIIOUT72NRGROPVAJJNCH"
"20170217010629","http://ricegroupinc.com/listingproperties/Rowlett__/default.aspx","text/html","WLLAE7H4RKMJNFCRK6P5D3K5WNCBU3LO"
"20170216231243","http://ricegroupinc.com/listingproperties/Roxton_/default.aspx","text/html","JZA75E4ZQG62XAS6KTXMZV7EOWVYBULY"
"20170216231020","http://ricegroupinc.com/listingproperties/Royse_City/default.aspx","text/html","FVE5E7L5O4CYTLYNKTH2EQGMF72RJMKT"
"20170217052111","http://ricegroupinc.com/listingproperties/Rule_/default.aspx","text/html","7WTPRVBDIZ2E5C3UOLHCI3LEFH4IJQR3"
"20170217082415","http://ricegroupinc.com/listingproperties/Runaway_Bay_/default.aspx","text/html","WBIKU3PR2YKVIR732AK5SSTT5EFFPNMV"
"20170217113356","http://ricegroupinc.com/listingproperties/Rusk_/default.aspx","text/html","4JTO46QF5BBTZY4XZC4I5LMGQOBFRFZE"
"20170216232650","http://ricegroupinc.com/listingproperties/Sachse__/default.aspx","text/html","ZCNJFTDQYOVLI3KVS5GSXDL4H3BQJM2L"
"20170216232817","http://ricegroupinc.com/listingproperties/Sadler_/default.aspx","text/html","55SMD5SYV6IOWXXLKL7O4OVL5XEDSOSX"
"20170217112152","http://ricegroupinc.com/listingproperties/Saginaw_/default.aspx","text/html","SYFUDSOH62W7XZWBAGK74HHEUFUC6LLD"
"20170216232542","http://ricegroupinc.com/listingproperties/Saint_Jo/default.aspx","text/html","X5BWZAP7FNXMZ377GNP2GQ4YCSLRILOX"
"20170217090132","http://ricegroupinc.com/listingproperties/Sallisaw/default.aspx","text/html","VH2LRVBGEVPJSVPC6VMPALJD6ML4G2HI"
"20170217055317","http://ricegroupinc.com/listingproperties/Salt_Gap/default.aspx","text/html","BU4WTWB4E2D76DGWDBJVHIPFNPI5HRRU"
"20170217051020","http://ricegroupinc.com/listingproperties/Saltillo/default.aspx","text/html","7R4NGJQTZMJUT7KGHLRIM3VB47WHRFUK"
"20170217050917","http://ricegroupinc.com/listingproperties/San_Angelo_/default.aspx","text/html","F2FPMOHJCU5BB2IQSJLATYNBAZVNVNVL"
"20170216171436","http://ricegroupinc.com/listingproperties/San_Antonio_/default.aspx","text/html","RMKBB7W73OK325HBEEK7EXXR6PINYUXQ"
"20170217000621","http://ricegroupinc.com/listingproperties/San_Augustine_/default.aspx","text/html","AQQWO6MPHEJPMXV5SJZXSS5GNHQ7VXS6"
"20170217052259","http://ricegroupinc.com/listingproperties/San_Perlita_/default.aspx","text/html","ZDRFUE5VOUPRQ7KVUY76NM2LXJUPSKSJ"
"20170217112116","http://ricegroupinc.com/listingproperties/San_Saba_/default.aspx","text/html","D555WAR7FIDLXL5JSQNJSPAUFAAOTVC2"
"20170217052102","http://ricegroupinc.com/listingproperties/Sanger_/default.aspx","text/html","AFVN32AFINZXB7XMOHQ2FHOXQQD4LESQ"
"20170217113323","http://ricegroupinc.com/listingproperties/Sansom_Park_/default.aspx","text/html","XH7X43JRGFSAQDQTF4GBQO6C3OWFQZ6A"
"20170216213516","http://ricegroupinc.com/listingproperties/Santa_Anna_/default.aspx","text/html","LNYHGQF6ISAQZPKA7AM7R6XL5IQJEYAV"
"20170217053455","http://ricegroupinc.com/listingproperties/Santo/default.aspx","text/html","RBDEJHTG7HISXORWZE66ESNLVIGDKGBP"
"20170216231049","http://ricegroupinc.com/listingproperties/Savannah/default.aspx","text/html","2OBOLVF4AL2A7JUTCHMANNDB3FT3GYYS"
"20170216215820","http://ricegroupinc.com/listingproperties/Savoy_/default.aspx","text/html","MO6PR64J3CV3ZC2N2H66CQUKUTU3UHLT"
"20170217063458","http://ricegroupinc.com/listingproperties/Scroggins/default.aspx","text/html","2HSENQSPYIDCYKLSTHJJSYSWBHLLDSBY"
"20170217053254","http://ricegroupinc.com/listingproperties/Scurry/default.aspx","text/html","LCRKSI62ORTCLATBNEWHQUA6OG6MDS3V"
"20170216230805","http://ricegroupinc.com/listingproperties/Seagoville__/default.aspx","text/html","Z4AMYXI7OC3PA6UNTXOWKDEJXRR6OPHN"
"20170217051105","http://ricegroupinc.com/listingproperties/Seguin_/default.aspx","text/html","3HV4VJJP4DA3ZIN5QSGZTJ5HTO2QJDGX"
"20170217112228","http://ricegroupinc.com/listingproperties/Seminole_/default.aspx","text/html","YNCPGHRODVGEKSVZJJC3ZDLAKDQ5HCCZ"
"20170216230748","http://ricegroupinc.com/listingproperties/Seven_Points__/default.aspx","text/html","MN2N5G2LVN2KVRAWWBZUQAM4JTNO4VDR"
"20170217052400","http://ricegroupinc.com/listingproperties/Seymour_/default.aspx","text/html","HMWYVWWT3SPPX6UGM5ZBCQHY2Q27NQTR"
"20170216171956","http://ricegroupinc.com/listingproperties/Shady_Shores_/default.aspx","text/html","H4Y6FSELHKFBVSBYVXITANZF6VY65ADX"
"20170216192150","http://ricegroupinc.com/listingproperties/Shamrock_/default.aspx","text/html","5KKIF4BDSJXU4ZPGHN6BG7MM6XRLW3QJ"
"20170217113319","http://ricegroupinc.com/listingproperties/Sherman_/default.aspx","text/html","BS242FNO5VQSRZO3EDWFZJZK33RJPGTX"
"20170217051908","http://ricegroupinc.com/listingproperties/Sidney/default.aspx","text/html","CDBQ2XBBZYV77XLUIL5KUPKRK65OIUVA"
"20160816083722","http://ricegroupinc.com/listingproperties/Sierra_Blanca/default.aspx","text/html","74UH7VPSKK2XIT5MZK2FSSWWVYCNHBF7"
"20160816093314","http://ricegroupinc.com/listingproperties/Simms/default.aspx","text/html","PMAHWDSMEF6GNAGCWV7VO6GQ7PALNPZG"
"20160816073823","http://ricegroupinc.com/listingproperties/Slidell/default.aspx","text/html","2IEY7LFVGY4HTRZ4UM3N7FNINZYP5L5L"
"20170216232605","http://ricegroupinc.com/listingproperties/Snyder_/default.aspx","text/html","IDB672VDGP36PH4NQXSFLWORBZZ3JZKC"
"20170216232714","http://ricegroupinc.com/listingproperties/Somerset_/default.aspx","text/html","IJQQM5IGFYGUA5UKMGLNQTDNUXVI4Z4X"
"20170216171827","http://ricegroupinc.com/listingproperties/Sonora_/default.aspx","text/html","BKDNHKHJUB3AUAULCUHW7APRZ2LTRQ4F"
"20170216231130","http://ricegroupinc.com/listingproperties/Soper/default.aspx","text/html","3DXECUBQLZ26KJ4J7HY5LZFPQMH7S7FS"
"20160816032919","http://ricegroupinc.com/listingproperties/South_Bend/default.aspx","text/html","ZXSJMQV4SVRAYDRTKNVSIK63GCEX4T4P"
"20170216230618","http://ricegroupinc.com/listingproperties/South_Padre_Island_/default.aspx","text/html","N67NGFANYTBWAFQEDHNUXGP7TSKVH7GA"
"20170216184928","http://ricegroupinc.com/listingproperties/Southlake__/default.aspx","text/html","CF5MCZ4MYG2KT4G3MEFF4GOJQWC6VDV2"
"20170217052115","http://ricegroupinc.com/listingproperties/Southmayd_/default.aspx","text/html","KWQXRVXFV2COGKWLUSAIB5AI6UIAM27B"
"20170216232349","http://ricegroupinc.com/listingproperties/Spicewood/default.aspx","text/html","2LI2SCKR2A6ZUXI4BI4DDTWSQK3QQGZQ"
"20170216231247","http://ricegroupinc.com/listingproperties/Spring_/default.aspx","text/html","C3FAD6T42H3NVME337F3KGSQSK4H5GZ7"
"20170216230412","http://ricegroupinc.com/listingproperties/Springtown/default.aspx","text/html","HUZGMUI35ZM3AZTKC4N7VWAWAE4RJKIT"
"20170217051804","http://ricegroupinc.com/listingproperties/Spur_/default.aspx","text/html","75N3IEBGN7PP6PZWVHZFUGAH44AYDADE"
"20170216231027","http://ricegroupinc.com/listingproperties/St_Paul/default.aspx","text/html","4RKUYS5WUD242YLMCSJVIQPR36VAS3B7"
"20170217051941","http://ricegroupinc.com/listingproperties/Stamford__/default.aspx","text/html","ABRLCLGTSHWKEAG3VMJ3CDW6SQ7IDHQV"
"20170217033914","http://ricegroupinc.com/listingproperties/Star_Harbor_/default.aspx","text/html","YT7O2V44N5W3FDDK3NHIHAPM5ZNNGUE2"
"20170217015311","http://ricegroupinc.com/listingproperties/Star/default.aspx","text/html","VTFG5OR7RMJKR3Z5UDLXD3TU2T5DA5LD"
"20170216230400","http://ricegroupinc.com/listingproperties/Stephenville_/default.aspx","text/html","H3SEPWM4T4Y77YGYMMN6GSJAJVA56GA6"
"20170216231106","http://ricegroupinc.com/listingproperties/Strawn_/default.aspx","text/html","A7IQY4GABSYXXKM7T4ZVJ4WARCE3H2A3"
"20170216220713","http://ricegroupinc.com/listingproperties/Streetman__/default.aspx","text/html","GTZCVEPOSLZ2CSYHN4A6CTMJERASDHPI"
"20170217113735","http://ricegroupinc.com/listingproperties/Sulphur_Bluff/default.aspx","text/html","H42XBVQZHGBHZI6IWFMSOP32FTOQAUK6"
"20170216230755","http://ricegroupinc.com/listingproperties/Sulphur_Springs_/default.aspx","text/html","F4G2BTAYN6UCUP3XUW6VVU67I4WWW7EL"
"20160816043118","http://ricegroupinc.com/listingproperties/Sumner/default.aspx","text/html","AF3G6R32QULAWYLIIT3AMTSWCYVOT74K"
"20170216232648","http://ricegroupinc.com/listingproperties/Sunnyvale_/default.aspx","text/html","2PPRHDNWRJK5FYVT5NU5LMOPUS7C4JQ7"
"20170216220919","http://ricegroupinc.com/listingproperties/Sunset_/default.aspx","text/html","DESKTQESA5LTBOZVOYJS4YIN6EXVV2IG"
"20170216232643","http://ricegroupinc.com/listingproperties/Sweetwater_/default.aspx","text/html","KZ5UAP2LGFAOTR67TNV44QBD4N7QFWL7"
"20170216193023","http://ricegroupinc.com/listingproperties/Talco_/default.aspx","text/html","M35V4HFJA634LVQZGHE7RKPOVCKKU2MW"
"20170216232802","http://ricegroupinc.com/listingproperties/Talpa/default.aspx","text/html","OGVTOYR4MAVTIZCZQIX7XD624BYCG6LH"
"20170217113315","http://ricegroupinc.com/listingproperties/Talty/default.aspx","text/html","Z66Y4QBI62OFNIP36KVTGAYW3KS3W53H"
"20170216233128","http://ricegroupinc.com/listingproperties/Tatum__/default.aspx","text/html","5M5MTGOCSVL7GNJUBORKRPPT7YSHTJUU"
"20170216232746","http://ricegroupinc.com/listingproperties/Teague_/default.aspx","text/html","6B2ZK6OHARYAX65WS7LGG5QYF75UYGWA"
"20160816051705","http://ricegroupinc.com/listingproperties/Tehuacana_/default.aspx","text/html","MD33BC3FXXO5R6LA6ZAPCHWUCRHZNI54"
"20170217113031","http://ricegroupinc.com/listingproperties/Telephone/default.aspx","text/html","HBUQITVYPIROPGIGO3UXY2GND3T4MMNH"
"20170216231133","http://ricegroupinc.com/listingproperties/Temple/default.aspx","text/html","QT2RB6CDZ52F54PLPFAMV3JU5I7XX2OJ"
"20170217052208","http://ricegroupinc.com/listingproperties/Tenaha_/default.aspx","text/html","OYDSYFXETFZ73GRACUGSD7C7D3SN5PFR"
"20170216232440","http://ricegroupinc.com/listingproperties/Tennessee_Colony/default.aspx","text/html","WMNVG3KFKPG4ZIH6XYB2I22CKK55G7MN"
"20170216230702","http://ricegroupinc.com/listingproperties/Terrell_/default.aspx","text/html","GII4ABKGI46LA722ZBMZ2Y22TOIU46SO"
"20170216231150","http://ricegroupinc.com/listingproperties/Texarkana_/default.aspx","text/html","J5ITWIXG7Y5UPGVYWQALW2ZN3M2VNDGA"
"20170217052225","http://ricegroupinc.com/listingproperties/Thackerville/default.aspx","text/html","TU7FS2GW3RIYQOJKUSFNZKSP6C3QKV6K"
"20170217060627","http://ricegroupinc.com/listingproperties/The_Colony_/default.aspx","text/html","CJE3DFF5W6ZYQVJEWLCIJLZNWLUSAC5J"
"20160816034607","http://ricegroupinc.com/listingproperties/Thornton_/default.aspx","text/html","SHJNOETMVUWNYJY4QYONEMADGCAHVSDR"
"20170217052115","http://ricegroupinc.com/listingproperties/Three_Rivers_/default.aspx","text/html","WHI5Y5GEKZCZLMGJ2MP46TQWXAL7X42A"
"20170217112140","http://ricegroupinc.com/listingproperties/Throckmorton_/default.aspx","text/html","RR5JNANWFNSUEAN445A2MSXMRYMJX7SH"
"20170216232717","http://ricegroupinc.com/listingproperties/Timpson_/default.aspx","text/html","WJ3AGWV7X6B3WX5X3ZF3F2JX5VQMFKRE"
"20170216230758","http://ricegroupinc.com/listingproperties/Tioga_/default.aspx","text/html","P7W6LOY6H4ILGFH6ONJ322CPMUQVD2PF"
"20160816033820","http://ricegroupinc.com/listingproperties/Tishomingo/default.aspx","text/html","FXCHTLXBQM44PHSXQTHFFFWCW6HEZWHE"
"20170217051854","http://ricegroupinc.com/listingproperties/Tolar_/default.aspx","text/html","CWYJUO7JKIV5W3JEM4OXXNVSOGS7XZSF"
"20170217051910","http://ricegroupinc.com/listingproperties/Tom_Bean_/default.aspx","text/html","O6OCFOCNNHNOPE3UQRIFMZMUOMKNDLU4"
"20170217051808","http://ricegroupinc.com/listingproperties/Tool_/default.aspx","text/html","XUTQ7IIO5ZBFK5T6UEJPSVSQMBC2XNNF"
"20170217052019","http://ricegroupinc.com/listingproperties/Tow/default.aspx","text/html","PP3A5FC4YO6ODCWVHQU64CVCF2EMY72N"
"20170216214453","http://ricegroupinc.com/listingproperties/Trent_/default.aspx","text/html","VEBIG4LC4QK32CJ77JATSJIEKXQ7VUCG"
"20170216231143","http://ricegroupinc.com/listingproperties/Trenton_/default.aspx","text/html","GE2R3FFIVZDVF2SGHTGUMIZ3A6SR3UUP"
"20170216202331","http://ricegroupinc.com/listingproperties/Trickham/default.aspx","text/html","G7LEL3FPAIANQXJC3WLGEJECODWKP6T7"
"20170216225223","http://ricegroupinc.com/listingproperties/Trinidad_/default.aspx","text/html","4SCJL7DVP5ASXIG4SPGJSZZW54Y4QA2R"
"20170216232757","http://ricegroupinc.com/listingproperties/Trinity_/default.aspx","text/html","YQ3USY3BP2WDJ33EGWVATMTN26IEK4S6"
"20170217070617","http://ricegroupinc.com/listingproperties/Trophy_Club__/default.aspx","text/html","2PVTVISUQQUBUHC4VUHK5XYQBL2YDXFU"
"20170217051811","http://ricegroupinc.com/listingproperties/Troup__/default.aspx","text/html","6HWCE4X3ND54S2ICH4OSU4MLLWSOXNL2"
"20170217113204","http://ricegroupinc.com/listingproperties/Turkey_/default.aspx","text/html","JN3OE4UQVUEHRKTNEZVCPUMYN5BBJV2P"
"20170217064511","http://ricegroupinc.com/listingproperties/Tuscola_/default.aspx","text/html","VW2VZMIZB756QLHEJXQ3BLEBEZ7NLK2A"
"20170216170522","http://ricegroupinc.com/listingproperties/Tye_/default.aspx","text/html","PC36BSYLEE4UXVEIUFCOYM7BNT72UKC5"
"20170216230928","http://ricegroupinc.com/listingproperties/Tyler_/default.aspx","text/html","JOQEPCBZM5HC5PQ4KJXOMAXKPKAHSCRL"
"20170217113236","http://ricegroupinc.com/listingproperties/Union_Valley/default.aspx","text/html","KKDOQDXFWNTX3CC4MVB7ZDCOD2OJ5FV2"
"20170216172907","http://ricegroupinc.com/listingproperties/University_Park_/default.aspx","text/html","Y3Y2WM72RD54CB3MONHTO3TSALZG6V56"
"20170217051949","http://ricegroupinc.com/listingproperties/Uvalde_/default.aspx","text/html","UYJNEQNJCJCGE4VVZKL4EMEBIA6JSUKN"
"20170217113239","http://ricegroupinc.com/listingproperties/Valley_Mills__/default.aspx","text/html","PUOL5FBNO2DQW3LZNPTOG3ITD6DKVKWZ"
"20160816090311","http://ricegroupinc.com/listingproperties/Valley_Spring/default.aspx","text/html","QBGJAJXPGEZXOAPKPKZ5HD7JV5TIVEZY"
"20170217112159","http://ricegroupinc.com/listingproperties/Valley_View_/default.aspx","text/html","75MH7ELPERRSCUORQRNSP7SMYZXT3YGL"
"20170216184342","http://ricegroupinc.com/listingproperties/Van_/default.aspx","text/html","GMLKOROGSIE7C2OM5AHIDOQ5OHEZ4CBT"
"20170216232731","http://ricegroupinc.com/listingproperties/Van_Alstyne_/default.aspx","text/html","YKP3JB6FDYQ737XOZXGJK3CFPU7SWI43"
"20170217051846","http://ricegroupinc.com/listingproperties/Van_Horn_/default.aspx","text/html","34KEC3R56X3CCVOKYJGOY4WAQ753WN62"
"20170217052313","http://ricegroupinc.com/listingproperties/Venus__/default.aspx","text/html","73AHRDZAVSUD54BGKRGJYWHGTBVC47KT"
"20160816041313","http://ricegroupinc.com/listingproperties/Vernon_/default.aspx","text/html","DUJXMDR742ZJNVCQZ37EAO7ZFKF56HDI"
"20170217074447","http://ricegroupinc.com/listingproperties/Voca/default.aspx","text/html","VXKKJXAVKUPHE2TUVFG4CFNM3APWEOE3"
"20170217051149","http://ricegroupinc.com/listingproperties/Waco_/default.aspx","text/html","DEWPVEL6666QBDSC3AADE2WLK4JP7BBL"
"20170217000653","http://ricegroupinc.com/listingproperties/Walnut_Springs_/default.aspx","text/html","XJJ7Q4HSBLXLQCMGUGM3PNZKA5AKI6KN"
"20160816050846","http://ricegroupinc.com/listingproperties/Waskom_/default.aspx","text/html","FLEDIX3BNWDSZLCRCNDRJM44DRFHOJYA"
"20170216194304","http://ricegroupinc.com/listingproperties/Watauga_/default.aspx","text/html","6C46B7EB64ZWLS2Z4ZCV326C5DXV6NLN"
"20170217113100","http://ricegroupinc.com/listingproperties/Waxahachie_/default.aspx","text/html","H6ZPJJ3SL3Q6R276ULEPWLQPGWFXGB5K"
"20170216231140","http://ricegroupinc.com/listingproperties/Weatherford_/default.aspx","text/html","AU47JCXJGURBVL4YRFBYIMKXG2ULQC5C"
"20170216231032","http://ricegroupinc.com/listingproperties/Webster_/default.aspx","text/html","JFXQBFWMKNEISG5IOLN533C744FOQQ4U"
"20170217051125","http://ricegroupinc.com/listingproperties/Weinert_/default.aspx","text/html","IAOUFFA32L47U5CYZNM5YXL3OHRMGYJN"
"20170217022452","http://ricegroupinc.com/listingproperties/Wells_/default.aspx","text/html","5SD4FDVEMSZCTTDK2ILDJEZY3GXQFNA5"
"20170216222106","http://ricegroupinc.com/listingproperties/West_/default.aspx","text/html","7NNPPQWJLRYKAPZFTUKSNETY3IINT6E5"
"20160816070140","http://ricegroupinc.com/listingproperties/West_Lake_Hills_/default.aspx","text/html","CNRMHI3YEO72N36ZJZGWH2YLU5ZJU3LX"
"20170216231512","http://ricegroupinc.com/listingproperties/West_Tawakoni_/default.aspx","text/html","HADMAVYCYEOVE6SVFFYJPHAYESN3OI2M"
"20170216223629","http://ricegroupinc.com/listingproperties/Westlake__/default.aspx","text/html","6N6DA4GRDWQQUZYYGGC3YYOXIXFRSUFI"
"20160816081217","http://ricegroupinc.com/listingproperties/Westminster_/default.aspx","text/html","BZSVWKJ4436V6TIXTEDVG2NSZOOT7THW"
"20170217051930","http://ricegroupinc.com/listingproperties/Weston_/default.aspx","text/html","EMQXF464KX6LWIMZQLQCS6GZLI2S72FW"
"20170216171133","http://ricegroupinc.com/listingproperties/Westover_Hills_/default.aspx","text/html","MYP2ADV2CHLEUSUR3EQSI5TPMO6FNJZX"
"20170217052030","http://ricegroupinc.com/listingproperties/Westworth_Village/default.aspx","text/html","5WRNJNQNXUMDYFCM6ZR4FP5KHWGROR2S"
"20170217051905","http://ricegroupinc.com/listingproperties/Wheeler_/default.aspx","text/html","WUPGZGQ273HPYOXNASAFDWB6KPMMPDFM"
"20170216211921","http://ricegroupinc.com/listingproperties/White_Oak_/default.aspx","text/html","3ANM67MY2WPMOGJCU5TOHI5HYWZSLSVN"
"20170217061838","http://ricegroupinc.com/listingproperties/White_Settlement_/default.aspx","text/html","GFRQLFCFC3HM6NHIYOI4EPGGQPOOHVZ7"
"20170217051954","http://ricegroupinc.com/listingproperties/Whitehouse_/default.aspx","text/html","XV55GC4Y7E2HOI4BITRWPS7SP6E5FNTO"
"20170216232556","http://ricegroupinc.com/listingproperties/Whitesboro_/default.aspx","text/html","W2Q62XITAKV7Z2ZHMOS7DJ6GKL4T6YJH"
"20170216232728","http://ricegroupinc.com/listingproperties/Whitewright_/default.aspx","text/html","LJK4XGDDXQDBG7RGOFS3QDSLWUMOHACO"
"20170216230741","http://ricegroupinc.com/listingproperties/Whitney_/default.aspx","text/html","RFGS4RBZFFWZOAESHJYBC7GPLEOPIABN"
"20170217024341","http://ricegroupinc.com/listingproperties/Whitt/default.aspx","text/html","FUY3A5MH5PBGM7UWRACTACRKXPL4GFDY"
"20170217052023","http://ricegroupinc.com/listingproperties/Wichita_Falls_/default.aspx","text/html","JFFH75BPEMVQSRMUJXZ6GMIVZADIS25A"
"20170216215843","http://ricegroupinc.com/listingproperties/Willis_/default.aspx","text/html","U2V557NQAAPUCTBS2QG2U7OJ6W2ITAXR"
"20160816075902","http://ricegroupinc.com/listingproperties/Willow_City/default.aspx","text/html","S7IYPIYT3SBVXFS2XITEQFLP3TF4JM6K"
"20170217112301","http://ricegroupinc.com/listingproperties/Willow_Park_/default.aspx","text/html","DWN5E4HFHGIONNIZVDXDUIRKKXJQTNVI"
"20170216232510","http://ricegroupinc.com/listingproperties/Wills_Point_/default.aspx","text/html","QFEMW5DCPJMTH2YHUF4YQMOJ6CHVQR36"
"20170217051843","http://ricegroupinc.com/listingproperties/Wilmer_/default.aspx","text/html","SB6ASX64EDBPCRKIUIS7VTIMRPKUDWFI"
"20170217052034","http://ricegroupinc.com/listingproperties/Wimberley/default.aspx","text/html","HGZSJ4O6LVQSBBU5BWDGR6RV6QHCQJAJ"
"20170217042055","http://ricegroupinc.com/listingproperties/Winchell/default.aspx","text/html","NA7IRYGLZTUVAZVQZ6CX25MXGCGECXGO"
"20170216180841","http://ricegroupinc.com/listingproperties/Windom_/default.aspx","text/html","FE7S65DEZZVFB3NKJNZYO4IMNPC5IMEF"
"20170216231236","http://ricegroupinc.com/listingproperties/Windthorst__/default.aspx","text/html","6RKMKTAJ63NQUXTR5QZ4TS3COYMT2NWU"
"20170216171234","http://ricegroupinc.com/listingproperties/Winfield_/default.aspx","text/html","RV62VACHKP46K5VGHVYUZNUA77FDA2BF"
"20170217112955","http://ricegroupinc.com/listingproperties/Wingate/default.aspx","text/html","6S524I7XKI2BI3QGNHA3P57KIBE65IJX"
"20170217113715","http://ricegroupinc.com/listingproperties/Winnsboro__/default.aspx","text/html","SOJSUQ6I52NCUCL5TPQM6LADS4J6SZWZ"
"20170217050852","http://ricegroupinc.com/listingproperties/Winona_/default.aspx","text/html","CNHSJREE34TTPFP65C3AOISXJMWTU75G"
"20170217051216","http://ricegroupinc.com/listingproperties/Winters_/default.aspx","text/html","QMN764FLGHNIKY4NDLUQBWGYTS572BGK"
"20170216234727","http://ricegroupinc.com/listingproperties/Wolfe_City/default.aspx","text/html","IJFMPVVCI4MQLFZNCNFIDZXKBTT6D44W"
"20170216233110","http://ricegroupinc.com/listingproperties/Woodson_/default.aspx","text/html","NFO7B5NINIJUN4SVISDH3MPXLJIARQWQ"
"20170217052035","http://ricegroupinc.com/listingproperties/Woodway_/default.aspx","text/html","PO6BTO5R2QSY25AN2I5VVS4W2BLWHWGD"
"20170216171644","http://ricegroupinc.com/listingproperties/Wortham_/default.aspx","text/html","FM32ZRN7IQ3MPW3BOOPUORZFLSBBIBSB"
"20170217051209","http://ricegroupinc.com/listingproperties/Wylie__/default.aspx","text/html","4D2WO5T7RA3USSIW5NW36RL6QI6VI53T"
"20170217052220","http://ricegroupinc.com/listingproperties/Wynnewood/default.aspx","text/html","UAXUZXQPBHMZ7E3HJNDHQRDG37O24ZZW"
"20170217051958","http://ricegroupinc.com/listingproperties/Yantis_/default.aspx","text/html","DQ4OPCBFY5LUTU2UBQGOZEVTPKIRDQBC"
"20160816050014","http://ricegroupinc.com/listingproperties/Yoakum__/default.aspx","text/html","ETUZY7CXGQZGMBI7C6OKA2ERJJKYVHIV"
"20170217113310","http://ricegroupinc.com/listingproperties/Zephyr/default.aspx","text/html","7EC47JWVNVTTGYQQE3OGNAAAXGO2Q76Q"
"20150123175249","http://ricegroupinc.com/Listings/JS_Code/jquery-ui-1.9.2.custom.min.js","application/x-javascript","WQVOKB7F576BS5SOH7XTLZDPTS6M3OXY"
"20150123172424","http://ricegroupinc.com/Listings/JS_Code/jquery.cookie.js","application/x-javascript","X7T5JUGDX63QQ4OKWUN5R5DCZJ4KHCWT"
"20150123181500","http://ricegroupinc.com/Listings/JS_Code/jquery.tools.min.142.js","application/x-javascript","HKH7FNM3JFFCENLCND5Z3B77MUT5JKFH"
"20161219073400","http://ricegroupinc.com/Listings/JS_Code/Listings.js","application/x-javascript","AJZUTKTOJVGNIW6LHANEP6I3ED5332EA"
"20150123171746","http://ricegroupinc.com/Listings/JS_Code/ListingsCookie.js","application/x-javascript","7SSQO4IPHTRSJTARC2NFN5PTL2M2PCEK"
"20150123173611","http://ricegroupinc.com/Listings/JS_Code/moment.min.js","application/x-javascript","HF5OEHV42IFEMOP2NNH3O7ACVJAAHB3Y"
"20150123171610","http://ricegroupinc.com/Listings/JS_Code/MultiDisplayBox.js","application/x-javascript","R5FIDXM34DNRNAXZZ3GZ62BHNUKUVUME"
"20150123181911","http://ricegroupinc.com/Listings/JS_Code/search.js","application/x-javascript","I4YJZCBWGNFFCWA7SKDH6IEQ7NF6UNBU"
"20161020063938","http://ricegroupinc.com/listings/listings.aspx?FileName=defaultlistings.x&ListID=686247","text/html","6VRS5UEURGNU6VHNB5V4ZKXAPDPGWRRU"
"20160327005853","http://ricegroupinc.com/listings/listings.aspx?FileName=defaultlistings.x&ListID=688702","text/html","SWGDVNT5UY7R3K3777J7OIMUHHOK4KUS"
"20160327001725","http://ricegroupinc.com/listings/listings.aspx?FileName=defaultlistings.x&ListID=688720","text/html","TCFJRQJCYI6SKNJV4BVSFYZTQXQC5LZX"
"20161020061914","http://ricegroupinc.com/listings/listings.aspx?FileName=defaultlistings.x&ListID=691429","text/html","6GGM5M3KXD4N6K5AXLCVHUWFJ57ODCIX"
"20161020061500","http://ricegroupinc.com/listings/listings.aspx?FileName=defaultlistings.x&ListID=698295","text/html","YKPYT3YAUVBIIQT7I3ASMAUZVJY5BCLB"
"20150218043259","http://ricegroupinc.com/listings/listings.aspx?FileName=defaultlistings.x&ListID=723100","text/html","DS7JKLR5R2JVVC3FOAR6BFDPC5G7PTYD"
"20150218025853","http://ricegroupinc.com/listings/listings.aspx?FileName=defaultlistings.x&ListID=738277","text/html","6M2ON3BRZIMCUOEBIOKICD6Y7KGWA6RO"
"20150218064244","http://ricegroupinc.com/listings/listings.aspx?FileName=defaultlistings.x&ListID=746908","text/html","FC4PT23BPXPSUGQKZQVQPEH2EZEHY4YX"
"20150218101802","http://ricegroupinc.com/listings/listings.aspx?FileName=defaultlistings.x&ListID=776701","text/html","AHRCWF6ZTOO7NGKGFFXQLDT3Z6X3667I"
"20161020061822","http://ricegroupinc.com/listings/listings.aspx?FileName=defaultlistings.x&ListID=777204","text/html","5HM4HDDX5KWKWEP7ISJ5PE5UKNB67K4H"
"20150218070727","http://ricegroupinc.com/listings/listings.aspx?FileName=defaultlistings.x&ListID=787617","text/html","YGV7RGR6MI64HSCUW7VCXDNT6JELJ5MB"
"20150218092827","http://ricegroupinc.com/listings/listings.aspx?FileName=defaultlistings.x&ListID=790704","text/html","6AKQFSKEQXO3K3K43WK7A37DJHXYCR7N"
"20150218041300","http://ricegroupinc.com/listings/listings.aspx?FileName=defaultlistings.x&ListID=790705","text/html","MFO6CMQWP7MOICYDF5LYBV6ADZZ47UYQ"
"20150218062308","http://ricegroupinc.com/listings/listings.aspx?FileName=defaultlistings.x&ListID=791671","text/html","FENBIG4Y6N7DIIIF4V5CCKGFXPVYQGCF"
"20150218033343","http://ricegroupinc.com/listings/listings.aspx?FileName=defaultlistings.x&ListID=800252","text/html","3V3NV74GBRBZPAHACUI5JDALEYVRLO44"
"20150218091005","http://ricegroupinc.com/listings/listings.aspx?FileName=defaultlistings.x&ListID=800253","text/html","S7SVKGHL7SOFYAVSRFMXB333THNKW6ZB"
"20150218083314","http://ricegroupinc.com/listings/listings.aspx?FileName=defaultlistings.x&ListID=800254","text/html","4ERESSG6OX7WUS4SXVTUQSLRD6XCIHHL"
"20150218052042","http://ricegroupinc.com/listings/listings.aspx?FileName=defaultlistings.x&ListID=800255","text/html","MUUOFONWAP7UYJ25HZ4BFFIZSRQ36JIF"
"20150218090046","http://ricegroupinc.com/listings/listings.aspx?FileName=defaultlistings.x&ListID=800256","text/html","AJHPKNHTZUQV572SU2EIPBOFQEECB42K"
"20150218062624","http://ricegroupinc.com/listings/listings.aspx?FileName=defaultlistings.x&ListID=806614","text/html","IIJBKTCH4ZNVVMAFNIO2FG3CPHQZYZQY"
"20150218081334","http://ricegroupinc.com/listings/listings.aspx?FileName=defaultlistings.x&ListID=809311","text/html","FHPZIZTHVWXHFGJQ2UMCMSQYBORY6SEO"
"20150218091544","http://ricegroupinc.com/listings/listings.aspx?FileName=defaultlistings.x&ListID=816345","text/html","K2A7UMIIC2BSJJWYFSMLXUAZBG4VK5FP"
"20160117053622","http://ricegroupinc.com/listings/listings.aspx?FileName=defaultlistings.x&ListID=863478","text/html","5VYZI2LSIPM3ESNW6M5SXAN62G3L5EP2"
"20160116194722","http://ricegroupinc.com/listings/listings.aspx?FileName=defaultlistings.x&ListID=870300","text/html","4ORULXEJ7DQUU5QKFLQCEAHCJEMDPM7Z"
"20160116232640","http://ricegroupinc.com/listings/listings.aspx?FileName=defaultlistings.x&ListID=870440","text/html","LTXZV6LKNWTMHZ4R2ZPWMHKCRR2TKCJ2"
"20160116233613","http://ricegroupinc.com/listings/listings.aspx?FileName=defaultlistings.x&ListID=873389","text/html","CXFFEKQCT23WGE2WAZJGTXCB5BN2QGMI"
"20160116232631","http://ricegroupinc.com/listings/listings.aspx?FileName=defaultlistings.x&ListID=879507","text/html","KVLYEYHHKW5YZ57FHJQI26LFFELOUPFT"
"20160327001917","http://ricegroupinc.com/listings/listings.aspx?FileName=defaultlistings.x&ListID=879508","text/html","DPHP6NLRHP46VO37X4TBTPUMD7JQAEC4"
"20160327002047","http://ricegroupinc.com/listings/listings.aspx?FileName=defaultlistings.x&ListID=882720","text/html","5IRJTJTPTGB4AA4ZR2G2JYLSNLD76MG4"
"20160327001951","http://ricegroupinc.com/listings/listings.aspx?FileName=defaultlistings.x&ListID=884268","text/html","UDSCA7V3OEXTFFQJINMTOA4AVFIZKAWW"
"20160327002236","http://ricegroupinc.com/listings/listings.aspx?FileName=defaultlistings.x&ListID=884492","text/html","QU6G5D3QF4C2QL2KUOXPOGJCJS7USEGO"
"20160327002159","http://ricegroupinc.com/listings/listings.aspx?FileName=defaultlistings.x&ListID=889775","text/html","5H3NWS4VM7QDN53Z6N3XSJZ4YWBJCGMU"
"20160327005739","http://ricegroupinc.com/listings/listings.aspx?FileName=defaultlistings.x&ListID=899148","text/html","SIKYY3I6SQI53AFU2MINN5YBI2ZQDUPZ"
"20160117054939","http://ricegroupinc.com/listings/listings.aspx?FileName=defaultlistings.x&ListID=899736","text/html","L72U3UBJ6PFZOJB32XPWG26L3C7IGCSR"
"20161020061408","http://ricegroupinc.com/listings/listings.aspx?FileName=defaultlistings.x&ListID=901193","text/html","DXCS2P42EL5ZB4JFMI2P7WSMAR7QB56H"
"20160327002209","http://ricegroupinc.com/listings/listings.aspx?FileName=defaultlistings.x&ListID=906956","text/html","ZZYJD2NTLTRN2HPKFNZJK2WAX73MISD2"
"20160327002207","http://ricegroupinc.com/listings/listings.aspx?FileName=defaultlistings.x&ListID=908956","text/html","6I7ZX3WJAN3YIST7OTOZZRK62KAKOHYX"
"20160816040807","http://ricegroupinc.com/listings/listings.aspx?FileName=defaultlistings.x&ListID=920450","text/html","T34GDF7F4IXHR2LSEVQ66GP7UOQFRRIO"
"20161020065642","http://ricegroupinc.com/listings/listings.aspx?FileName=defaultlistings.x&ListID=928259","text/html","QTXXFTDT63HHUBWDDJFSQJDYIIVZ5PON"
"20161020061210","http://ricegroupinc.com/listings/listings.aspx?FileName=defaultlistings.x&ListID=928390","text/html","SWG6FEXBTHLE6QJUOAYZHV4ZXYZD4PN4"
"20161020063824","http://ricegroupinc.com/listings/listings.aspx?FileName=defaultlistings.x&ListID=929518","text/html","Z2ZN33YWJFYP5T2EIAU4PUBYHWHP72ZX"
"20161020064745","http://ricegroupinc.com/listings/listings.aspx?FileName=defaultlistings.x&ListID=938522","text/html","7WJCBKISOQ4WCZ7M5XQ37MMCHV76FTKH"
"20161020064322","http://ricegroupinc.com/listings/listings.aspx?FileName=defaultlistings.x&ListID=938698","text/html","B6CGDUE2ORD55K3EN4FSA4XH7NJWKIW7"
"20161020060934","http://ricegroupinc.com/listings/listings.aspx?FileName=defaultlistings.x&ListID=939250","text/html","W454DEVV24I6HSY4SCYKAZVVAMY4BXU5"
"20161020064023","http://ricegroupinc.com/listings/listings.aspx?FileName=defaultlistings.x&ListID=947044","text/html","KTN4UGGLC3WUUMRHD3CIMN3TW5JLD6HH"
"20161020121246","http://ricegroupinc.com/listings/listings.aspx?FileName=defaultlistings.x&ListID=947249","text/html","MQY4MOLFJZXYVMSKYO42RZSIWNUUQG4O"
"20161020121816","http://ricegroupinc.com/listings/listings.aspx?FileName=defaultlistings.x&ListID=950335","text/html","RLN2A3UOLF2G5H7TTHSJYVMWJWTPDKTW"
"20161020062255","http://ricegroupinc.com/listings/listings.aspx?FileName=defaultlistings.x&ListID=950705","text/html","LXJLM4ZHKROFKZYSHCO2TYGLVJ6DER77"
"20161020065242","http://ricegroupinc.com/listings/listings.aspx?FileName=defaultlistings.x&ListID=965794","text/html","CYRACUSWYMGR6FEJE4ROZ2OLJJVRF7UI"
"20161020062019","http://ricegroupinc.com/listings/listings.aspx?FileName=defaultlistings.x&ListID=967704","text/html","COVIYPGGIZXWRZRWUUGW3VTOCHQPVBEY"
"20161020071052","http://ricegroupinc.com/listings/ListingsGrid.aspx?popup=1&","text/html","H24RHYOJ2PMNCLJNCQO4KCSHWZNF7UAS"
"20161219040512","http://ricegroupinc.com/listings/ListingsGrid.aspx?popup=1&FileName=HomePage.x&","text/html","6JUVUP7HJCQGP6D2GL7WKXGCZ3O7SP5I"
"20161219032735","http://ricegroupinc.com/listings/styles/listing_grid_styles.css?version=101013112014","text/css","IAALWELUA6S4ZYQIFMNCLFHTU55CKH4Y"
"20161219083412","http://ricegroupinc.com/listings/styles/XSitesIDXUI.css","text/css","YNED42LKIGCBUUNYY5ZWCAJ22HHRSBDB"
"20230410214623","http://ricegroupinc.com/robots.txt","text/plain","ERBTKKFFXDH67EQAHFCUWH57YNFSRQTY"
"20141223105047","http://ricegroupinc.com/scripts/bootstrap.min.js","text/javascript","K2TXSCV54LIBI54DOOSXEA6MOYDDJ66W"
"20160116111123","http://ricegroupinc.com/scripts/decrypt.min.js","text/javascript","YUTAOAZX4A25N733IHMBRBUXGYVAJJGP"
"20171106222051","http://ricegroupinc.com/scripts/doubletaptogo.min.js","text/javascript","WRL47AH6NVX42TMRIJ2YNCTATUUTWWOP"
"20131127082225","http://ricegroupinc.com/scripts/flashobject_fp8.js","application/x-javascript","UPPBRJULZSQZNDAH5KEE6ZYU5OVOCR5G"
"20131127081923","http://ricegroupinc.com/scripts/flashobject.js","application/x-javascript","32YXVMLCSIFP3WXHDNBRTG7Q2H7DVKRV"
"20131127082426","http://ricegroupinc.com/scripts/flashPopup.js","application/x-javascript","RS5JCQD57WY3PK6BA4563OWLEMSUGMWL"
"20171107004613","http://ricegroupinc.com/scripts/global.js","text/javascript","NZKH6CZFESRTKP7AMUK5DZV4KAYLF24S"
"20150123175152","http://ricegroupinc.com/scripts/masonry.pkgd.min.js","text/javascript","WO3ANKQ7X32Z5KM7ABZ5LHJ2JZITHHPG"
"20131127082018","http://ricegroupinc.com/scripts/themeScripts.js","application/x-javascript","GJFOZFDMSA7IVOXB3YIYW6EQKTYHBN75"
"20160116111127","http://ricegroupinc.com/Styles.css","unk","G43YO6DREMS6NHEQC7M2ASTTOZMTTY46"
"20131127082551","http://ricegroupinc.com/templates/themes/poolhouse/images/bottom.gif","image/gif","ASGFDUGUTEBZM7L72BKQTTK63WKWZPRI"
"20110208051331","http://ricegroupinc.com/templates/themes/poolhouse/styleSheet.css","text/css","3I42H3S6NNFQ2MSVX7XZKYAYSCX5QBYJ"
"20171106221613","http://ricegroupinc.com/xsites/agents/FairwayIndependentMortgageCorporation2/Content/UploadedFiles/EHO-white.png","image/png","PGUVABWDBFF2XR6G5HNJF3CNT347XNU7"
"20171106221828","http://ricegroupinc.com/xsites/agents/FairwayIndependentMortgageCorporation2/Content/UploadedFiles/Interiors17-1400.jpg","image/jpeg","D2E7FB2EZV3NIETGZ5YEDVHLJGGFZT2V"
"20171106212345","http://ricegroupinc.com/xsites/agents/FairwayIndependentMortgageCorporation2/Content/UploadedFiles/Interiors3-1400.jpg","image/jpeg","CHVSI5KAR2B4ZGCX5F6STMHPPD6WRIXE"
"20171106220856","http://ricegroupinc.com/xsites/agents/FairwayIndependentMortgageCorporation2/Content/UploadedFiles/Interiors9-1400.jpg","image/jpeg","MNS735GIO6IFVYYIOUSDXYYR7XX5UJZK"
"20131127082712","http://ricegroupinc.com/xSites/Agents/FairwayIndependentMortgageCorporation2/Content/UploadedFiles/Logo%20The%20Rice%20Group%20next%20to%20smallest.JPG","image/jpeg","OXMTJLP6RK7QBHU3R3QZSB2ML2BYJ5RJ"
"20171106215721","http://ricegroupinc.com/xsites/agents/FairwayIndependentMortgageCorporation2/Content/UploadedFiles/new_logo.jpg","image/jpeg","BYPRHD3YQFYGCM7MVR5WRZWJ3B3ERDQ4"
"20171106221552","http://ricegroupinc.com/xsites/agents/FairwayIndependentMortgageCorporation2/Content/UploadedFiles/Promoter12-1400.jpg","image/jpeg","4OCIKLCXA26TWULVUPCMRXXNDAA7HAVQ"
"20171106212157","http://ricegroupinc.com/xsites/agents/FairwayIndependentMortgageCorporation2/Content/UploadedFiles/Promoter20-1400.jpg","image/jpeg","BN6EMRABY2BWFK7R5OYFBC2TBNXDZZ6U"
"20171106221004","http://ricegroupinc.com/xsites/agents/FairwayIndependentMortgageCorporation2/Content/UploadedFiles/Promoter47-1400.jpg","image/jpeg","3GFNGVCEQUSEC4NOCX3SOFOEO3T5JHAR"
"20140215235823","http://ricegroupinc.com/xSites/Agents/FairwayIndependentMortgageCorporation2/Content/UploadedFiles/SFR_cmyk%20-%20Email%20Small.jpg","image/jpeg","QVOO5S3C4AXV6ECMYMHM2ZWYMRUAEWSD"
"20171106215235","http://ricegroupinc.com/xSites/Agents/FairwayIndependentMortgageCorporation2/logo26487.jpg","image/jpeg","BB5AJHCNR4QWM3UQFANOGVUYGJ6IVJ6Z"
"20161116125006","http://www.ricegroupinc.com:80/","text/html","LOUPU43ZZGVID2LLG7NR53WJ6YKB3A66"
"20191222045804","http://www.ricegroupinc.com:80/3-ways-to-improve-curb-appeal","text/html","DTZXJVOZEMQ5NTYEF36VAZ3IYHUJ6SB6"
"20191222045953","http://www.ricegroupinc.com:80/7-reasons-your-home-isnt-selling","text/html","OWB5MKGQ7YULWQEMKWOM3PWJQUJBYF5E"
"20131105051144","http://www.ricegroupinc.com:80/Apps/DynamicContent/DynamicContentListingsFramedWidget.aspx?FileName=","text/html","GDBPNVLQNIFFPRQFOJN4SBATYMWICC2O"
"20191118083642","http://www.ricegroupinc.com:80/apps/ExpiredSites/ExpiredSiteLandingPage.aspx","text/html","MSVWFWCVL2Q27XVNQDV4N5PMFEDYTN7G"
"20191222045807","http://www.ricegroupinc.com:80/CastleHIllsCMA","text/html","QGTB22CLECLJWOGVI7CCAJN7SMOXRB4O"
"20191023003848","http://www.ricegroupinc.com:80/ComingSoon","text/html","FCGS4PA3IOT4VUSE4UI2HM7744ZASFUE"
"20191222045958","http://www.ricegroupinc.com:80/Commercial","text/html","NT7S2MCBCL3GN6J2KRWIIO7EXJYWHWEV"
"20191222045813","http://www.ricegroupinc.com:80/ContactUs","text/html","BTM34EG2JSY3VGXMKYGZKDEKIZXK57QK"
"20110410190105","http://www.ricegroupinc.com:80/Content.aspx?URL=www.linkedin.com/in/brentrice&LinkProp=4&FileName=HomePage.x","text/html","SXIBPACYR7DDZ64MAJO67VRLU4T5CFBU"
"20191222045638","http://www.ricegroupinc.com:80/ContingenciesinContracts","text/html","24XSOI5CBMIDYCEALYWZJMTN3FHZKWAA"
"20191222045818","http://www.ricegroupinc.com:80/CurbAppealList","text/html","5IQMR3IM4GKE7KWLLI2FTAGOBCWTEH7I"
"20160428104337","http://www.ricegroupinc.com:80/default.aspx","text/html","2Y6737HCM3NMK2HWYSGVAGQCXUTLOZOC"
"20190118194632","http://www.ricegroupinc.com:80/defaultlistings?ListID=1054668","text/html","7BUPU5JJRCWUBVTDPVJEFH5VBHDHWBAP"
"20190118200300","http://www.ricegroupinc.com:80/defaultlistings?ListID=1058771","text/html","5ZIGBHFHOBIPG5FAUDBRDHFEQ7NXMTWV"
"20190118192929","http://www.ricegroupinc.com:80/defaultlistings?ListID=1059338","text/html","GEGLPC5C4QAMOVVCW2UQS4UGWU7I2RKY"
"20190118195001","http://www.ricegroupinc.com:80/defaultlistings?ListID=1067236","text/html","YXY3GISI7KME37VAI7WQGI27A6CDNM7S"
"20190118195017","http://www.ricegroupinc.com:80/defaultlistings?ListID=1071057","text/html","PRF7DL5SIEH7VEYM765JLMO2D7OE6CST"
"20190118200305","http://www.ricegroupinc.com:80/defaultlistings?ListID=1071637","text/html","7ZARQX54TTY6VWLIVL5ZII2O3BM3526Q"
"20190118194722","http://www.ricegroupinc.com:80/defaultlistings?ListID=1071938","text/html","JE4U2JCE5Z3HWUX2HR3SMOITNHCUCFOJ"
"20190118193237","http://www.ricegroupinc.com:80/defaultlistings?ListID=1072570","text/html","22NYHVRQGE3OGETWWYZ3P6DPIIZP7OTJ"
"20190118192934","http://www.ricegroupinc.com:80/defaultlistings?ListID=1072571","text/html","JFKABH2S6ZZ2UZVHK6JQVMWUDYQYGQL3"
"20190118193242","http://www.ricegroupinc.com:80/defaultlistings?ListID=1073377","text/html","7NKHDXS3ZOSFF3WA2BLNUECXREXINU6T"
"20181118185147","http://www.ricegroupinc.com:80/defaultlistings?ListID=777204","text/html","LKPMZOSZM2K6Q2JF4JHCSZPVRDNX6R3O"
"20191222045642","http://www.ricegroupinc.com:80/EthicsinRealEstate","text/html","NWNFAFTP57ENOB4VO5FDOF4HZUHE32CF"
"20131105031407","http://www.ricegroupinc.com:80/Exception.htm?aspxerrorpath=/ScriptResource.axd","text/html","5OBYJSWLL3NIGJ3MJII7WOWJPFJDCGYB"
"20191222045823","http://www.ricegroupinc.com:80/FirstTimeHomeBuyers","text/html","A3R3LND7YUCS6CR5AGIZLLDZ4BQSUTBK"
"20191222050003","http://www.ricegroupinc.com:80/FlowersAddCurbAppeal!","text/html","4QDFRA7RL7YNMOKVYAT6Q2NGAHBQOACJ"
"20191220053418","http://www.ricegroupinc.com:80/ForBuyers","text/html","52WJ5DRMENGNJPGH6NJWNLXRRXNHZ622"
"20191222050123","http://www.ricegroupinc.com:80/FreeHomeValuation","text/html","JZ7YIM5YFLQOVJOFYGSP2DBNNJ62MPRQ"
"20191222045828","http://www.ricegroupinc.com:80/GetPre-qualified","text/html","BQQR2RNHACQ3MVADRIH77SFZFZDMMDEY"
"20191222050008","http://www.ricegroupinc.com:80/GettheHighestPrice","text/html","S6QPB63QBZNBVAY2GYZHLA45PX3NMUM4"
"20191222045647","http://www.ricegroupinc.com:80/HeritageGreenCMA","text/html","X2RRQWI4YQBRVABV2ATM24QMPREONNSD"
"20191222045832","http://www.ricegroupinc.com:80/HeritageLakesCMA","text/html","DGTOO43OC2UWJNQMLEZGP2W4JDRMD3BW"
"20200117230431","http://www.ricegroupinc.com:80/Home","text/html","LF4WU7Z5PTI7THOZQGCUFQZS3JRUMLQ7"
"20200108030215","http://www.ricegroupinc.com:80/Home?ChosenLanguage=English","text/html","WIJWWPKW2QKB42NY3ATS6D47DHW46ZKL"
"20200108041746","http://www.ricegroupinc.com:80/Home?ChosenLanguage=French","text/html","ZU2YYDZSECQBNCQQUMAPSLY3OSF77T3S"
"20200108031404","http://www.ricegroupinc.com:80/Home?ChosenLanguage=German","text/html","GH7W6BZIAXKQHCZLIUTM2QZDA346X6U6"
"20200108041959","http://www.ricegroupinc.com:80/Home?ChosenLanguage=Portuguese","text/html","JC6H53P2ARHIQZOMG2ZLCVAS2NXOUGZX"
"20200108172902","http://www.ricegroupinc.com:80/Home?ChosenLanguage=Spanish","text/html","5XHIDIJJKCT7VHD73GLQLUBCRNQWIVCO"
"20191222050013","http://www.ricegroupinc.com:80/HomeAppreciation","text/html","EHVOHTP4JB2QVO3RAZOGUK4GOE6BG2G3"
"20191222050128","http://www.ricegroupinc.com:80/HomeBuyerChecklist","text/html","BHR74YZAWP7C727KRXUG6F6DHQVANHRT"
"20191222050133","http://www.ricegroupinc.com:80/HomeownerWarranties","text/html","WJZCFQI75EUGULDBYKHCAECS6DC634FP"
"20191222045838","http://www.ricegroupinc.com:80/HowEscrowWorks","text/html","344O55F6MHT2ZPIJJYUHNIQVBFU6QG2I"
"20191222050018","http://www.ricegroupinc.com:80/ImprovementsThatPay","text/html","IKCBWD6UJXCKR2W4BECZ263IVD5LIKUH"
"20191222045652","http://www.ricegroupinc.com:80/KingsRidgeCMA","text/html","LUGAXZ6QAL2FU34HH5B2CQDGD3OMLMU4"
"20191222045843","http://www.ricegroupinc.com:80/LeaseAnalysis","text/html","OSZG2DAHPDWQSEPDQ36NQBXXTL2EZY56"
"20191222045657","http://www.ricegroupinc.com:80/LegendTrailsCMA","text/html","NT23LSFBH7REUKMFPERAA26QVWWJIUOX"
"20191222045848","http://www.ricegroupinc.com:80/ListingCommissions","text/html","JMLC4L7FGATMOPGPKDVXCI4K5LN5DSAQ"
"20191222050023","http://www.ricegroupinc.com:80/ListingProperties/default.aspx","text/html","56FM5ROONAZE2D7QUSUKBJHJNEEISCQL"
"20160919075258","http://www.ricegroupinc.com:80/listings/listings.aspx?FileName=defaultlistings.x&ListID=686247","text/html","C3S6I7KWDCJ4SNJ64WNLPABI4AL47TMM"
"20150313204218","http://www.ricegroupinc.com:80/listings/listings.aspx?FileName=defaultlistings.x&ListID=686912","text/html","XT6AQVJ23N637QWJTGQQGDOW4KIG7T5Q"
"20160329201137","http://www.ricegroupinc.com:80/listings/listings.aspx?FileName=defaultlistings.x&ListID=688702","text/html","RM2NS62WS3CZMJYC67VKKR6H3BEQMNCN"
"20160329201142","http://www.ricegroupinc.com:80/listings/listings.aspx?FileName=defaultlistings.x&ListID=688720","text/html","MUD5AJBMA2QT2XHQP6XE46LB47G74G5X"
"20160916125338","http://www.ricegroupinc.com:80/listings/listings.aspx?FileName=defaultlistings.x&ListID=691429","text/html","YGZ3Q5D2ALFUO7KJLM6VI2VNRUMSCLRB"
"20160916130704","http://www.ricegroupinc.com:80/listings/listings.aspx?FileName=defaultlistings.x&ListID=698295","text/html","P6G4CTWCQ34J3YKBPCOZCAFK6V4UQ4U4"
"20150313153110","http://www.ricegroupinc.com:80/listings/listings.aspx?FileName=defaultlistings.x&ListID=723100","text/html","X46VJS5ZI5QVJ3YW2O5LSRYVBBOYRCMR"
"20150313150140","http://www.ricegroupinc.com:80/listings/listings.aspx?FileName=defaultlistings.x&ListID=738277","text/html","RTU2NPH6O3L2CDEO2HBXQCJQAHWKCAOO"
"20150313150257","http://www.ricegroupinc.com:80/listings/listings.aspx?FileName=defaultlistings.x&ListID=742587","text/html","FL55MO4GCNVTJHCV6SGIU2I3KIJIP5J5"
"20150313153129","http://www.ricegroupinc.com:80/listings/listings.aspx?FileName=defaultlistings.x&ListID=753746","text/html","6AFB4GUEHWQTZOSLHA32YJHD5CM3BFXG"
"20150313152856","http://www.ricegroupinc.com:80/listings/listings.aspx?FileName=defaultlistings.x&ListID=769039","text/html","LXQ7YQ6RAHEMQM7BKCY5JY6SBIRVQSOO"
"20150313153135","http://www.ricegroupinc.com:80/listings/listings.aspx?FileName=defaultlistings.x&ListID=769040","text/html","RUX6272PHQIOGBPDLWNNDUHUR3O6HXRV"
"20150313150302","http://www.ricegroupinc.com:80/listings/listings.aspx?FileName=defaultlistings.x&ListID=776701","text/html","Z7MYOERM5DVXWKCWKGU6JNCACVHL76SH"
"20160916124648","http://www.ricegroupinc.com:80/listings/listings.aspx?FileName=defaultlistings.x&ListID=777204","text/html","74MSLUSGPJUTJAFL2TNYPV5WX3XXWOTE"
"20150313151622","http://www.ricegroupinc.com:80/listings/listings.aspx?FileName=defaultlistings.x&ListID=786256","text/html","XBQXJDZXZY3CPQIHDGLL7JKQITSPCZW7"
"20150313150326","http://www.ricegroupinc.com:80/listings/listings.aspx?FileName=defaultlistings.x&ListID=787617","text/html","PIJVNOXUYFQILWCGVOEEF4BOQFKO3ARU"
"20150313160839","http://www.ricegroupinc.com:80/listings/listings.aspx?FileName=defaultlistings.x&ListID=800252","text/html","KDNIOQ47FHH7YDTNOFWZSU4XO24W7FRJ"
"20150313153202","http://www.ricegroupinc.com:80/listings/listings.aspx?FileName=defaultlistings.x&ListID=800253","text/html","B77NTZ6KR7BT6DGF2VQDG62ZMOCDBTE6"
"20150313204241","http://www.ricegroupinc.com:80/listings/listings.aspx?FileName=defaultlistings.x&ListID=800255","text/html","I2MT4PVB4QXYSBZGK236YCPV7Q25U4WM"
"20150313204927","http://www.ricegroupinc.com:80/listings/listings.aspx?FileName=defaultlistings.x&ListID=809311","text/html","CTHHEABG5BBWJ725FFL3P76LDUUYWI3V"
"20150313152908","http://www.ricegroupinc.com:80/listings/listings.aspx?FileName=defaultlistings.x&ListID=816345","text/html","KQETCIWQO3HATA4IVAMETC6V2R3CLKFE"
"20150314000226","http://www.ricegroupinc.com:80/listings/listings.aspx?FileName=defaultlistings.x&ListID=835940","text/html","FQAPGSBFH2QKAO3A3ET6F432D47GFVH5"
"20150313150543","http://www.ricegroupinc.com:80/listings/listings.aspx?FileName=defaultlistings.x&ListID=837837","text/html","QFTFEBBT4FXU2DURHSJMRU57PVJKDJ6B"
"20150313150352","http://www.ricegroupinc.com:80/listings/listings.aspx?FileName=defaultlistings.x&ListID=837838","text/html","A6TQUBHS2E5RCOQOPZODR6FDW466NZ5O"
"20160106161033","http://www.ricegroupinc.com:80/listings/listings.aspx?FileName=defaultlistings.x&ListID=863478","text/html","5SLG2P6LWV5JS5HSGLA6VDL3KMXHSFTY"
"20160105041804","http://www.ricegroupinc.com:80/listings/listings.aspx?FileName=defaultlistings.x&ListID=870300","text/html","RFAOZWKLQQ5OM4F4IE4RC2RK6EJIUP52"
"20160105043328","http://www.ricegroupinc.com:80/listings/listings.aspx?FileName=defaultlistings.x&ListID=870440","text/html","3CS7VPEXWGOFJ3WAIR6LYBKQE5WWGCSY"
"20160105044147","http://www.ricegroupinc.com:80/listings/listings.aspx?FileName=defaultlistings.x&ListID=873389","text/html","H55WVVJGINSJKH52W7OLOS6XQNUVDWFI"
"20160106150724","http://www.ricegroupinc.com:80/listings/listings.aspx?FileName=defaultlistings.x&ListID=879507","text/html","C4CDNLGNZ42R2E7232N5HPKF4WUFKPH3"
"20160106163445","http://www.ricegroupinc.com:80/listings/listings.aspx?FileName=defaultlistings.x&ListID=879508","text/html","GYYUBBP5K4G3TXDDFAVFT2UUC6VYFWDN"
"20160106150728","http://www.ricegroupinc.com:80/listings/listings.aspx?FileName=defaultlistings.x&ListID=882720","text/html","4UADLO477RDJ3QA4UTPHO3EKRRYYAKVE"
"20160315193452","http://www.ricegroupinc.com:80/listings/listings.aspx?FileName=defaultlistings.x&ListID=884268","text/html","RNLYVVPZPMW2ZPUJ6UN3UYUH6SXBQNT2"
"20160315192918","http://www.ricegroupinc.com:80/listings/listings.aspx?FileName=defaultlistings.x&ListID=884492","text/html","IWEVC3YITWAIZPVVXTSYULZY5DQ3DR5V"
"20160105044212","http://www.ricegroupinc.com:80/listings/listings.aspx?FileName=defaultlistings.x&ListID=889058","text/html","PK2PK7E6XLNGKYWWGPXUAFV5GH3XGCQV"
"20160315191232","http://www.ricegroupinc.com:80/listings/listings.aspx?FileName=defaultlistings.x&ListID=889775","text/html","UR6UHRRTTT3T2SSAUJTEUP4VYY63YMCC"
"20160315192923","http://www.ricegroupinc.com:80/listings/listings.aspx?FileName=defaultlistings.x&ListID=899148","text/html","SIY3QO3N5OAKAH2O5RO6QO5UJUBAOJSB"
"20160105041800","http://www.ricegroupinc.com:80/listings/listings.aspx?FileName=defaultlistings.x&ListID=899736","text/html","ZGSQIIHZWZG6DNYVQORR672V5EETYAQD"
"20160916130709","http://www.ricegroupinc.com:80/listings/listings.aspx?FileName=defaultlistings.x&ListID=901193","text/html","JPXG4DO4RN5L3XMZOCBDBQ3WZXFTOUGQ"
"20160329200848","http://www.ricegroupinc.com:80/listings/listings.aspx?FileName=defaultlistings.x&ListID=906956","text/html","AA4WOTKRP2MM4IFMISVL7JUKHQCGVFGP"
"20160329200924","http://www.ricegroupinc.com:80/listings/listings.aspx?FileName=defaultlistings.x&ListID=908956","text/html","JWXDX3FSEGLHD5LGK2R45GKRDS4C3H4H"
"20160315192955","http://www.ricegroupinc.com:80/listings/listings.aspx?FileName=defaultlistings.x&ListID=920450","text/html","UMOIQ7ECASH26VDCGJZVOY6ELZ3SE5UQ"
"20160916124558","http://www.ricegroupinc.com:80/listings/listings.aspx?FileName=defaultlistings.x&ListID=928259","text/html","JWXROSHRZVECWBAENJCDRNVHK7AW5HQ4"
"20160916124746","http://www.ricegroupinc.com:80/listings/listings.aspx?FileName=defaultlistings.x&ListID=928390","text/html","QV7UMHSP5RMMYUCJUVYFBC5CCHTHLT72"
"20160916124751","http://www.ricegroupinc.com:80/listings/listings.aspx?FileName=defaultlistings.x&ListID=929518","text/html","JNU66Y5SAIST7LEC6RETV67XRPFLU7W6"
"20160916125343","http://www.ricegroupinc.com:80/listings/listings.aspx?FileName=defaultlistings.x&ListID=938522","text/html","JZ7TILENPP2VG5WIH54XSY74SCXTQIEE"
"20160916124714","http://www.ricegroupinc.com:80/listings/listings.aspx?FileName=defaultlistings.x&ListID=938698","text/html","4MKKWD3TWRLYOAQCGQ4HNDPK7MSFBVZZ"
"20160916125249","http://www.ricegroupinc.com:80/listings/listings.aspx?FileName=defaultlistings.x&ListID=939250","text/html","I5HM2JOK2X5S2F5YPTCQJS5JAKBRMJJU"
"20160916125312","http://www.ricegroupinc.com:80/listings/listings.aspx?FileName=defaultlistings.x&ListID=944367","text/html","QVEKM36LFGGAOCZR76HRZJEYOPNIS3AS"
"20160916124720","http://www.ricegroupinc.com:80/listings/listings.aspx?FileName=defaultlistings.x&ListID=947044","text/html","Y3FQUZH2I2WVJRSYVUDQHOH23CGJLQOX"
"20160916125348","http://www.ricegroupinc.com:80/listings/listings.aspx?FileName=defaultlistings.x&ListID=947249","text/html","DMH2ZABDMPX6UOKLXIA5KI4KZUTCVK46"
"20160916124739","http://www.ricegroupinc.com:80/listings/listings.aspx?FileName=defaultlistings.x&ListID=950335","text/html","2ILX2YMDMT4MSEDV5GD7H6366CHIWZJU"
"20160916124801","http://www.ricegroupinc.com:80/listings/listings.aspx?FileName=defaultlistings.x&ListID=950705","text/html","KDQPXGTXOBQDBJFWGINKXYV55HTZ2TSP"
"20160916130010","http://www.ricegroupinc.com:80/listings/listings.aspx?FileName=defaultlistings.x&ListID=965794","text/html","SFAXLTUYXY6MFQLS3U63A3MJGMESCFBJ"
"20160916124615","http://www.ricegroupinc.com:80/listings/listings.aspx?FileName=defaultlistings.x&ListID=967704","text/html","GP2XF2XMMXXUDISVCBTU3O5GWJUTPE4N"
"20191222045852","http://www.ricegroupinc.com:80/MeridianLewisvilleCMA","text/html","DKYXFDSA7HORAOA4ERQOYLKVJ5YLOAS5"
"20191220053715","http://www.ricegroupinc.com:80/MyHomeValue","text/html","MVCDUG3X22R36PS4GVUCAJFRQ5NSOUFN"
"20191222050138","http://www.ricegroupinc.com:80/NeighborhoodPrices","text/html","ABNI7BPACLFDRWZM6U7ADHMKJ7YXY6K2"
"20191222045703","http://www.ricegroupinc.com:80/NewConstruction","text/html","AI5RMXL5QLVYC2YHB5P4544MBAAJSKVS"
"20181118190034","http://www.ricegroupinc.com:80/NewContent.aspx?FileName=RequestReports.x&","text/html","E2EK7GMG6DSOVXMNSEWHTFCN3FELD7C6"
"20191222050143","http://www.ricegroupinc.com:80/NorthColonyCMA","text/html","ZXM2V2PJMAOOMXF7D6HNZIP7TKHJOR4O"
"20191222045857","http://www.ricegroupinc.com:80/NorthpointeCMA","text/html","6XLYP2D3EGCU5E37LHFBD42H4THFHQ2X"
"20191222050148","http://www.ricegroupinc.com:80/OurListings","text/html","HHH5OJ4DDAOH64X5QFUOAIQLN6LIOTVI"
"20191222050153","http://www.ricegroupinc.com:80/ParkerEstatesCMA","text/html","IILJ432NN3W5F77IL3SKISU6ML6NMOCJ"
"20131105150049","http://www.ricegroupinc.com:80/PressRelease","text/html","6QZAR63QXXZJ5AMUVZAUCTAQKZHXCCSX"
"20150313033945","http://www.ricegroupinc.com:80/PressRelease2014","text/html","CSLBBCLNBWD2PKZEHSRO5MBAYLB4S3YR"
"20190118193247","http://www.ricegroupinc.com:80/pressrelease2018","text/html","BNLZAXTADYWSAWBARN7GCGQIRV4UDNO2"
"20191222050118","http://www.ricegroupinc.com:80/pressrelease2019","text/html","PK5HPTXQTWOC5JLPX2BFBM24MTMVFDMY"
"20191222050158","http://www.ricegroupinc.com:80/Realvs.PersonalProperty","text/html","VIZZ6AIKONHW27QJ4OKMLUR54VIZ7ILP"
"20191222045903","http://www.ricegroupinc.com:80/ReasonsHomesDon'tSell","text/html","WUAQ2LKE7ME4ZYMWJI42PNDJ6VGV7DUX"
"20191222045752","http://www.ricegroupinc.com:80/resources","text/html","OJMHJAVWWMUFPM64YRJ6Y6TJFZHWBZ6L"
"20191220053616","http://www.ricegroupinc.com:80/Reviews","text/html","LK35735XDAVTMEW44XS2MW2IR6CLWSRF"
"20190623100259","http://www.ricegroupinc.com:80/RiceGroupBlog","text/html","IVLJ6GN6HU7X6WKGKREGYX5Z77CXSNQF"
"20191222050203","http://www.ricegroupinc.com:80/RidgepointeCMA","text/html","RQSAZPFQZCLO7SKIJA72VPMQZK2WF7HL"
"20191222045707","http://www.ricegroupinc.com:80/RoleoftheMLS","text/html","HGFILUFH6YFE7W2COPLANFSU75K2LUWG"
"20191222050223","http://www.ricegroupinc.com:80/scripts/key.aspx","text/html","7R453HNBGDRPG3CWSL7LOFLUMKXZEL2N"
"20191222045712","http://www.ricegroupinc.com:80/SearchAreaHomes","text/html","ATVPM3TF6GVFKA27NEFEX7CCHVSJTKNV"
"20191222045717","http://www.ricegroupinc.com:80/SellerPaidClosing","text/html","7CP2EJCFG6E7KAWY6GXN4PUEBA4PIMDK"
"20191222045758","http://www.ricegroupinc.com:80/selling-one-home-buying-another","text/html","EZW5QTGELMBH5A6EQFS6NIHR4MZ7AQJZ"
"20191222050028","http://www.ricegroupinc.com:80/SellingOne,BuyingAnother","text/html","V4HAVJDKTPMMI5YEME6NMSELICO7DD2M"
"20191220053244","http://www.ricegroupinc.com:80/SellingYourHome","text/html","WDLQBTUH6AQGC33DOA2J42PHHNNJVBAO"
"20191222050208","http://www.ricegroupinc.com:80/Sellingyourownhome","text/html","7M34PDOE3QSUYSYEUTORIR5ET7Z2KMG5"
"20191222045722","http://www.ricegroupinc.com:80/SettingtheSalesPrice","text/html","HJX2HF7PO6SPJCH7IXU6XISZXBYLO432"
"20191222045727","http://www.ricegroupinc.com:80/Shouldyoupaint","text/html","GLKJQECYBTDBSOZD7SDOSYO363YYS6TU"
"20191222045908","http://www.ricegroupinc.com:80/SiteMap","text/html","BYECCMTMF2IEZBSSL2Q2Z5FUVTP4IVK2"
"20191222050213","http://www.ricegroupinc.com:80/SiteSelectionServices","text/html","3YX37O3C3FSCNUAPFFBKEDH4CRMY5TWJ"
"20191222050239","http://www.ricegroupinc.com:80/smallbusiness","text/html","S2NDJKV7GSJRXPVOC422C7HUA2YUWC5M"
"20191222050033","http://www.ricegroupinc.com:80/SouthColonyCMA","text/html","6KM6SKL26GTVQND3EWVVMNFXLV55RGD5"
"20200120064921","http://www.ricegroupinc.com:80/StaffProfiles","text/html","RI2UGF7STCH6VXNDY6BNVJY5QMCOZP4J"
"20191222194424","http://www.ricegroupinc.com:80/StaffProfiles?ChosenLanguage=English","text/html","FG2Z6BHCXOGSUTJU6SFROHE6TTYETSM5"
"20191222195823","http://www.ricegroupinc.com:80/StaffProfiles?ChosenLanguage=French","text/html","HJXWBJLKJFCWMBPEDBMYSV2CN6SOSSHC"
"20191222194834","http://www.ricegroupinc.com:80/StaffProfiles?ChosenLanguage=German","text/html","D65HUHM4NISUP53FU2JOF3LLMKYAXU6F"
"20191222195836","http://www.ricegroupinc.com:80/StaffProfiles?ChosenLanguage=Portuguese","text/html","WUFJ5HQDDPQTZMH244U6ULEA2IH35F7K"
"20191222194429","http://www.ricegroupinc.com:80/StaffProfiles?ChosenLanguage=Spanish","text/html","NWDEICJFJ4FW5TVWBLUPXORY7TSR3B2E"
"20191221130054","http://www.ricegroupinc.com:80/StaffProfiles?ID=851993","text/html","DPHYESUI4H54VARVYV2S5QJYCTL2SBAN"
"20191221125957","http://www.ricegroupinc.com:80/StaffProfiles?ID=853644","text/html","XEOZ2KCVD3HU67FM67EMXMRJZAP2JSUB"
"20191221130001","http://www.ricegroupinc.com:80/StaffProfiles?ID=853645","text/html","A73JEAFM6RPQUMGMQ6LBQ5YFMMNUUM7B"
"20160428103508","http://www.ricegroupinc.com:80/StaffProfiles.aspx?","text/html","V3QRA4MUUO6SU6A6S7HLQVD3MWAGWBWJ"
"20160125161712","http://www.ricegroupinc.com:80/StaffProfiles.aspx?ID=851993","text/html","W5O4XNDZ6LNWYDMSUTB67XAMR7STHXFF"
"20160125161720","http://www.ricegroupinc.com:80/StaffProfiles.aspx?ID=853644","text/html","MFALQVXE7PZIMAZLINEYN5FAUST4Y4UE"
"20160125161733","http://www.ricegroupinc.com:80/StaffProfiles.aspx?ID=853645","text/html","2SGBQVKPY7XZDQB6O74LQYW456MWZWTV"
"20150313033753","http://www.ricegroupinc.com:80/StaffProfiles.aspx?ID=892452","text/html","MPWSOQV7KRNSXNDBVMRY6ZLMJKRODEOE"
"20191222050038","http://www.ricegroupinc.com:80/StagingChecklist","text/html","627YAYFJKK46PAGEJCK3YS3HFUDWBWW5"
"20191222050043","http://www.ricegroupinc.com:80/StagingServices","text/html","VSIGWXEQIINVFUI5TGBTYUJ2TQQ4ZEV7"
"20131205064733","http://www.ricegroupinc.com:80/StagingYourHouse","text/html","JQCAULFHA7PQ7KWC3TQBWOQ5STTDV2B7"
"20191222050219","http://www.ricegroupinc.com:80/StayingApproved","text/html","TA67O5LNERDTAJGHLIOX6XIYGSOUHIC4"
"20191222045913","http://www.ricegroupinc.com:80/StewartPeninsulaCMA","text/html","2663IENPKTTONXAPOYDCXTHYSVPSFL5A"
"20191222045732","http://www.ricegroupinc.com:80/StonebriarVillageCMA","text/html","I4PFOBS7YB6DBHO4XGGE4FNFTMWOKMWL"
"20191222050048","http://www.ricegroupinc.com:80/TaxClosingCosts","text/html","MPT5WDY6BIK2VQESAGI4P6GKA6E5DGTP"
"20191222050053","http://www.ricegroupinc.com:80/TermsOfUse","text/html","TD54EH6KPGKN4OSDBQOGMEFSETWIAZIM"
"20191222050058","http://www.ricegroupinc.com:80/TheCascadesCMA","text/html","W23B25OM6GZCPLCAX537II6XD33PBCRI"
"20191222050103","http://www.ricegroupinc.com:80/TheLegendsCMA","text/html","OOTQP2ODY3SCUPIMYKN3YG3MTVJVZEDQ"
"20191222045918","http://www.ricegroupinc.com:80/TheListingContract","text/html","IA7GHQI5VPG6264PJFJZGHL7ZUZWLS75"
"20191222045923","http://www.ricegroupinc.com:80/TitleInformation","text/html","GF4PZNNXK6LARFQLAOAY56NIPIJPUZEK"
"20191222045738","http://www.ricegroupinc.com:80/TypesofListingContracts","text/html","SB2I7XPICDFOJORTE2XKUZGLZZHOUHEQ"
"20191222045928","http://www.ricegroupinc.com:80/What'sEarnestMoney","text/html","M5QVANO64NPRONIGYTPXNRDHWCQZ5I2V"
"20181118185137","http://www.ricegroupinc.com:80/WhatsMyPropertyWorth","text/html","PAQOTCSYEXEPSJS6DAOFUZHHOCPEVX3E"
"20191222045742","http://www.ricegroupinc.com:80/Whyaninspection","text/html","XFODLT4R2QGLT4YZ5J57WDGLJFWNB2ES"
"20191222050108","http://www.ricegroupinc.com:80/WhyChooseUs!","text/html","4BZDPJGOQUDV627I6DXIEH66FPYOZTFG"
"20191222045933","http://www.ricegroupinc.com:80/WhyTitleInsurance","text/html","BRMXGUZQPAJKRRFC673KFWDDLK6OMXNV"
"20191222045938","http://www.ricegroupinc.com:80/WritingtheOffer","text/html","JDUAGN4VHJS7BZLRT4F2HKPP47GUY7Z6"
"20160916075817","http://www.ricegroupinc.com:80/XSitesBasic/HTMLSite.aspx","text/html","HZKJCWQ67WA45T6MQSGEPBGRG5W5JKWG"
"20191222045943","http://www.ricegroupinc.com:80/YourBuyingPower","text/html","OVE7E5UXLVUDVOJE6CNJEYOBHIMAUX7X"
"20191222045747","http://www.ricegroupinc.com:80/YourDownPayment","text/html","SINAOC5JRWW7R734IPUIUXCTKKLFZXIG"
"20191222045948","http://www.ricegroupinc.com:80/YourFICOscore","text/html","FHMSPHTOGRQ5SOBP4EIV5XIEP4B4OSVM"
"20160816080800","http://www.ricegroupinc.com/","text/html","RRHMC374QD7WBY32D2EVKRC7BB7E6TXE"
"20140215203701","http://www.ricegroupinc.com/Apps/DynamicContent/DynamicContentListingsFramedWidget.aspx?FileName=","text/html","6CZ7KBBRU55YQ6GUOJITW4LY4I6RZWVA"
"20161020065428","http://www.ricegroupinc.com/default.aspx","text/html","LTFC6VWT6VY24YV4VECOH4Z3WTCNWRNR"
"20161020063140","http://www.ricegroupinc.com/ForBuyers","text/html","UHF7Y36OQZ6RNOFSENMSVSLS6D6VGV3C"
"20161020063648","http://www.ricegroupinc.com/Home","text/html","LYZ23NZRLEUNJOVES2N6Y7Z7NPY2HYNK"
"20160816022200","http://www.ricegroupinc.com/ListingProperties/default.aspx","text/html","KILRAOCZIWNXQWLKCGRWC5DEYELJOJ2E"
"20160816011457","http://www.ricegroupinc.com/listings/listings.aspx?FileName=defaultlistings.x&ListID=686247","text/html","KXDRVRVJP4XBTH4BIIHJ5U4YDJSTQZA7"
"20160816023125","http://www.ricegroupinc.com/listings/listings.aspx?FileName=defaultlistings.x&ListID=688702","text/html","YXBHLKLAM2ZHVOMUYX3YF2K2MLHW4IXR"
"20160815231605","http://www.ricegroupinc.com/listings/listings.aspx?FileName=defaultlistings.x&ListID=688720","text/html","2LIVDFTVMNO4PAGBT73GTAK2ED3KIUKJ"
"20160815234027","http://www.ricegroupinc.com/listings/listings.aspx?FileName=defaultlistings.x&ListID=691429","text/html","HVQJU4NGP2IMWFKSZFVZVASLS2QOINAN"
"20160815234650","http://www.ricegroupinc.com/listings/listings.aspx?FileName=defaultlistings.x&ListID=698295","text/html","OUF5OYD3UJFIIX6D53GIQWNILFGKTYX5"
"20160815233921","http://www.ricegroupinc.com/listings/listings.aspx?FileName=defaultlistings.x&ListID=777204","text/html","SW46HPH6KHOHQKE7REU4T5HQKLJINR7L"
"20160816005700","http://www.ricegroupinc.com/listings/listings.aspx?FileName=defaultlistings.x&ListID=884492","text/html","BFWN3NY4QFZ25OLFMVGM2HGYR3O4VNTU"
"20160816004405","http://www.ricegroupinc.com/listings/listings.aspx?FileName=defaultlistings.x&ListID=889775","text/html","VH6L6XCJF5MPP3R4ZXHXJIDIEUTLUM3E"
"20160816022722","http://www.ricegroupinc.com/listings/listings.aspx?FileName=defaultlistings.x&ListID=899148","text/html","JOGFGGLTISPHXMT227SBJXMSNFIJ4Q7O"
"20160815232420","http://www.ricegroupinc.com/listings/listings.aspx?FileName=defaultlistings.x&ListID=901193","text/html","5PW6EWI4BOPSPLS7AKYJ76GZPODPPBZF"
"20160816002837","http://www.ricegroupinc.com/listings/listings.aspx?FileName=defaultlistings.x&ListID=906956","text/html","6FUUP3TKZFXRHJX6MBT5MEQWOVZTAQKK"
"20160816003003","http://www.ricegroupinc.com/listings/listings.aspx?FileName=defaultlistings.x&ListID=908956","text/html","HPTI7QE7NRH4UN3JGETBPKKA3U3BDD67"
"20160815230628","http://www.ricegroupinc.com/listings/listings.aspx?FileName=defaultlistings.x&ListID=920450","text/html","7FIK6VGVNXQ2SFJISSSZZWEPLSHBNERQ"
"20161219021254","http://www.ricegroupinc.com/listings/ListingsGrid.aspx?popup=1&","text/html","HSMDSXSUQ57PKCHDKATOXPWRENSJGAOQ"
"20131127082119","http://www.ricegroupinc.com/PressRelease","text/html","H5WLAYP3GWW22LDBQIRMB6KRGFYAKYQM"
"20150218095547","http://www.ricegroupinc.com/PressRelease2014","text/html","7DZ7RSTDA7XKHMPBZSSI3IXVHVHNJDF3"
"20180613172438","http://www.ricegroupinc.com/robots.txt","text","LIYPH76QSGOW66BURV76QZ5WW4PQKMCN"
"20150114074312","http://www.ricegroupinc.com/scripts/jquery-1.8.3.min.js","text/javascript","RNV2X72HXCUXSPZXANX5DMNDVVA5HBBD"
"20140216005729","http://www.ricegroupinc.com/Styles.css","text/css","34YYQDPSDTL4TZXCD4FWOVZCVJCEF46W"
"20160410124502","http://www.ricegroupinc.com/templates/themes/FamilyBasic/TopNav.swf","application/x-shockwave-flash","YF73N2VNECAAYY7ID4LJARYXA5S6K3YZ"
"20160410124502","http://www.ricegroupinc.com/templates/themes/nestedNav/style1.swf","application/x-shockwave-flash","WFX6Z7FYUYXDFI77PLBBUFKJ3FUZM67I"
"20160410124504","http://www.ricegroupinc.com/XSites/ListingAssets/334435/686912/1/IMG_0011_thmb.jpg?nocache=1904301597","image/jpeg","Q2NYKZJYJ5DAIG455WCPORTBAT45JYXG"
"20250321000013","https://ricegroupinc.com/","text/html","2TUBGP726IERIW6YXXVZIP6PPYD7WFAB"
"20230410104559","https://ricegroupinc.com/?s=","text/html","EDG3MK5NB2KS2XTTPS4WJZ7GCOBP5O7A"
"20230410104110","https://ricegroupinc.com/agents-sitemap.xml","text/xml","4TVHLGU2YSWJCYZE7RCLTRRZQNGG533Q"
"20230410104040","https://ricegroupinc.com/category-sitemap.xml","text/xml","I7RPFY2SKNRMUW27UENAYSPGJYGJC2YF"
"20230526143358","https://ricegroupinc.com/cdn-cgi/scripts/5c5dd728/cloudflare-static/email-decode.min.js","application/javascript","RBECGBXMZESY2XU4XON2KMKNVMRDUXNU"
"20230410104052","https://ricegroupinc.com/comments/feed/","application/rss+xml","5YJJ4CGO7GXR56522R46KXP23XG6T777"
"20230410103918","https://ricegroupinc.com/community-sitemap.xml","text/xml","TRNE7LE772KQOJYRAWPHXU3EWTLA7HL5"
"20230410102126","https://ricegroupinc.com/contact-form/","text/html","5LCSHX2OKJRXFLMZ5QGVWQ7GHCHTHSPP"
"20230410103952","https://ricegroupinc.com/feed/","application/rss+xml","I7W5ZNQ7DKWOL27CIM2CBJ35JIZDVJ74"
"20230410104221","https://ricegroupinc.com/landing-page-sitemap.xml","text/xml","CCFNTV2M62BOPNK23DGFFEZ3AZLXPZER"
"20230410103802","https://ricegroupinc.com/listing_reports-sitemap.xml","text/xml","K5TEW4WNKEDXCZFFSE7ILSB3VK5WB42U"
"20230410104206","https://ricegroupinc.com/listing-page-sitemap.xml","text/xml","7XCEAIZK5SS2YPZWGRBDBWNSGCIEYE3J"
"20230410103557","https://ricegroupinc.com/listings-sitemap.xml","text/xml","DWEAWOAAGHDHS3XH5UCBDF5GRY2CMUWK"
"20230410104327","https://ricegroupinc.com/local_resources-sitemap.xml","text/xml","66NKI76ZMUXL3Q4GEJNEFTG2ZHW753IT"
"20230410103812","https://ricegroupinc.com/page-sitemap.xml","text/xml","ONYE2INVGL2ELSMCW2VTFMOQ6ZVLDRWY"
"20230410103858","https://ricegroupinc.com/position-sitemap.xml","text/xml","XUH7SQJEPNVAFLDIJ6XKRUEZOBQNSWT5"
"20230410103838","https://ricegroupinc.com/post-sitemap.xml","text/xml","GTVEBLJHNV5MBP6OHHGBJX4HV34DF5SS"
"20230410102345","https://ricegroupinc.com/privacy-policy/","text/html","GW3TGFASO7L7PHXKLMMFPVKH3S2HJ3ZU"
"20230410104037","https://ricegroupinc.com/profession-sitemap.xml","text/xml","KZX5SQLKTNSTXU7FF5BKGIIS2K5W3VFB"
"20230410175851","https://ricegroupinc.com/robots.txt","text/plain","6FYQ3DIFRNHWLTHZ2ZIXCDSJ4X3OTRXL"
"20230410103433","https://ricegroupinc.com/sitemap_index.xml","text/xml","SJBSREJUZKZKG45M25VBL4ZJVZ3WH55I"
"20230410103621","https://ricegroupinc.com/testimonials-sitemap.xml","text/xml","2RNNLDCCYM6UDBKKOYP77OU65OOGQZCS"
"20230410103732","https://ricegroupinc.com/wp-content/","text/html","3I42H3S6NNFQ2MSVX7XZKYAYSCX5QBYJ"
"20230410102936","https://ricegroupinc.com/wp-content/mu-plugins/images/demo_home.jpg","image/jpeg","T4VRA5OOCMTGOFB3X75X26XGBUDBCWTP"
"20230410104941","https://ricegroupinc.com/wp-content/plugins/awesome-listing-pages/images/girl-and-puppy.jpg","image/jpeg","P3PCW2G6NRGHD2TSNNK5UCNBIVM262JA"
"20230410104747","https://ricegroupinc.com/wp-content/plugins/awesome-listing-pages/images/girl-tablet.jpg","image/jpeg","AKQCF3GAZUCUIDLPHQLFJA5T4Y4GV3SS"
"20250124122342","https://ricegroupinc.com/wp-json/","application/json","KPB2HBNBYA7ELRQZJDCUEWLYXYQASQQ6"
"20230526143403","https://ricegroupinc.com/wp-json/api/v1/analytics/recordsession","application/json","LZAVQXWHD5DWAF4NIO2RPRCEF667QPR5"
"20231205205845","https://www.ricegroupinc.com/3-ways-to-improve-curb-appeal","text/html","IPHFRWVVWO6TG74VZLU5VRM6BLPLUEI5"
"20231205215800","https://www.ricegroupinc.com/34thStreetLubbock","text/html","Z47WYP4RBK3PJTGSO355DX7G5MVU6Q37"
"20240913005848","https://www.ricegroupinc.com/7-reasons-your-home-isnt-selling","text/html","TXGZICFLIYQ4NKAZN74EYVEL2U4TRDLU"
"20240913022531","https://www.ricegroupinc.com/Blog","text/html","NDV7EKTS7YTTDVG4DO2YTQGMUQE7TDPY"
"20240221090952","https://www.ricegroupinc.com/Blog?category=general-category","text/html","4HAWK6DD7ACR3IPZ7OYASSSOCFGQ3FEI"
"20231205221133","https://www.ricegroupinc.com/Commercial","text/html","2DPB2BUEQ4AY2G44I2NUHEGNQB36MU2Q"
"20231205212631","https://www.ricegroupinc.com/ContactUs","text/html","TJVLA7GNO2RMLUIRGCJ2R7WZUUCCQAQ3"
"20240809093747","https://www.ricegroupinc.com/ContingenciesinContracts","text/html","LTMZZSXE4WDYJVDSNB2MJMVVL5WQVRGL"
"20240221093851","https://www.ricegroupinc.com/Controls/","text/html","KVK2MGJTJZLJHTMIUAOWJYYRU2Y6BAXT"
"20220926204516","https://www.ricegroupinc.com/CSS/Provided_Themes/version3/theme.css","text/css","Y77RNY45QJMWM4EEH2KYW3UU5WYTBHGO"
"20231205222418","https://www.ricegroupinc.com/CurbAppealList","text/html","PBJ62WYPN7NVEKO7BKI2AOI4FU6MULWR"
"20231205222708","https://www.ricegroupinc.com/EthicsinRealEstate","text/html","HHOHLNZNVYHC7ZJMKDNJAEEJRIP3ZLWR"
"20231205210732","https://www.ricegroupinc.com/ExecutiveGardensLubbock","text/html","AFNIE27PCBNJ3XHOOL4SME6CPRLDYPBK"
"20231205220108","https://www.ricegroupinc.com/FeaturedListings","text/html","UEEY54AD6RYXNVANSOOFAIM6MHLIH66P"
"20240913014305","https://www.ricegroupinc.com/FirstTimeHomeBuyers","text/html","FJA6UP3ZCCHCKY3KGJEVQSS7IRPRH62A"
"20231205224935","https://www.ricegroupinc.com/FlowersAddCurbAppeal!","text/html","BSRO377MECAB7OUITPERDIFG4QWUVTJK"
"20231205224026","https://www.ricegroupinc.com/ForBuyers","text/html","DDR3AAB7HQL3YAHGCIPVXG7EKMP3VAB3"
"20240913012142","https://www.ricegroupinc.com/freehomevaluation","text/html","FNXZ2ON5CY2AOWSSJS24UEVV5GQ32SZX"
"20231205213114","https://www.ricegroupinc.com/GetPre-qualified","text/html","EVNMKLAU3UEPSPZRN5JVEQFI62TB3PKA"
"20240913002638","https://www.ricegroupinc.com/GettheHighestPrice","text/html","G5SHAX6OYXAQAHPZFB667NFDY22G5AAV"
"20231205205420","https://www.ricegroupinc.com/GetToKnowUs","text/html","5Z3KRBWAW2BZF4HK5ZT2WTAUQBF7Z4VL"
"20241102000751","https://www.ricegroupinc.com/Home","text/html","EA42YXDSRGF5UC36I2E4C26QCCNAMMQK"
"20240913003456","https://www.ricegroupinc.com/HomeAppreciation","text/html","GYHKHARR6UDH23W3CJV2ZWMC6X6F3BLI"
"20240913004352","https://www.ricegroupinc.com/HomeBuyerChecklist","text/html","D67DGMLZZJ42HRMRWJ7HWNHBO7VPVTIY"
"20240913012818","https://www.ricegroupinc.com/HomeownerWarranties","text/html","6XNDVGO2FLRTGKLYZUZ3745XQ5BHSPG7"
"20240221083948","https://www.ricegroupinc.com/How+AI+Is+Changing+the+Face+of+Real+Estate","text/html","B5FWKMUOL22X7OCQGJRDUG6O4KIZG6K4"
"20231205221440","https://www.ricegroupinc.com/HowEscrowWorks","text/html","MWQU54FI3RHJIJWTOX75KNI6ALLWZ73G"
"20231205214207","https://www.ricegroupinc.com/ImprovementsThatPay","text/html","CKTD6U77HJ23BJHMITTTSYRJSRLS6KOF"
"20231205210831","https://www.ricegroupinc.com/LeaseAnalysis","text/html","VFBRG2G2NYC6B5WFLDRMPNYZ4JN3EXEO"
"20231205220520","https://www.ricegroupinc.com/ListingCommissions","text/html","YDDCCTGAKUDWZ5G4TK2FSBBBZFQ4RNU3"
"20240809095841","https://www.ricegroupinc.com/NeighborhoodPrices","text/html","RPBCDFYOJJBRYGOKF75TDQ4TCQRPAJZS"
"20231205223257","https://www.ricegroupinc.com/NewConstruction","text/html","ZGMVS4V6OKEK3SBEFFPVOMVD3LYZ3QUI"
"20231205222645","https://www.ricegroupinc.com/pressrelease2022","text/html","H562YKIC42LFFZ5XCIOFVNHD7S52X7E6"
"20240913025516","https://www.ricegroupinc.com/PressReleaseJuly2023","text/html","AAMAPD3RPFN22LZGUGFBBWJLNCJRMS73"
"20240913003835","https://www.ricegroupinc.com/Realvs.PersonalProperty","text/html","BJDCCYMOVDYYXRQAMVD6243AAX3JB2GW"
"20231205223846","https://www.ricegroupinc.com/ReasonsHomesDon'tSell","text/html","6O5EQOETIJKH5PZ7PG6OZ7OZ2DPGLA6C"
"20241102000108","https://www.ricegroupinc.com/Reviews","text/html","INQZVOWQ7D25Y22HIL4Y5FRUHWEDKNTJ"
"20211210015716","https://www.ricegroupinc.com/robots.txt","text","FLU34H5I5HZL564XVJ7YC6Y2MF2RUZQT"
"20231205222443","https://www.ricegroupinc.com/RoleoftheMLS","text/html","AGN7XKZ5BPZG6ZUXVE43GJCGX3KMGRKR"
"20250102221410","https://www.ricegroupinc.com/ScriptResource.axd?d=BnL4vylab_z_YA-JgS3nkRAxUZw-kB90KTie0XpIY5WpsMSJeB0xzI-FWOEwXyPA34b0Rgxhva0gqLdGDWfAgM4SFgVTiCMyJ5oSkt7zZfV-F_zP0&t=23c9c237","application/x-javascript","3HAUSFQMDIV34G4DDWFNUV6VXDC742IK"
"20220926204516","https://www.ricegroupinc.com/scripts/doubletaptogo.min.js","text/javascript","QBUR46C22MSLJ6OXNMYQYKXWBDVRS2TY"
"20220926204516","https://www.ricegroupinc.com/scripts/global.js","text/javascript","KOYXXNBKN5UXPAP2VA3JWB4N27OAFVUK"
"20231205205217","https://www.ricegroupinc.com/searchthemls","text/html","GYZ2RUILTJIG4XZGUFZVDAGIWQFAP3EP"
"20231205223216","https://www.ricegroupinc.com/SellerPaidClosing","text/html","GTAZASBRKIMJUS6HTPSZI5MEVJQXHAZI"
"20240809081213","https://www.ricegroupinc.com/selling-one-home-buying-another","text/html","PZK6MPEOVFNIITDV6CRQFSV32V5DL3I3"
"20231205220334","https://www.ricegroupinc.com/SellingOne,BuyingAnother","text/html","RGAYHGGMKN2BSYYJYMBRTB54LTRTTAGJ"
"20240913013832","https://www.ricegroupinc.com/SellingYourHome","text/html","N3D2VVDFLZRKESGC3TDR6V2AMDICTDFN"
"20231205222800","https://www.ricegroupinc.com/Sellingyourownhome","text/html","BHKKEYVLLWQ2QVCAVWVC4U643NKBTF7G"
"20241101233523","https://www.ricegroupinc.com/SettingtheSalesPrice","text/html","SHYLJGKFRLEHVKWGCS6U4MPLJI4GRCMZ"
"20231205215457","https://www.ricegroupinc.com/Shouldyoupaint","text/html","3DAYKOE4GFV3L3QTTHG56XP5Z6LHYFCL"
"20231205220409","https://www.ricegroupinc.com/SiteSelectionServices","text/html","4J2KK6CCJSLEG3ZT3OMB4FCRFLKWLTLY"
"20231205224548","https://www.ricegroupinc.com/smallbusiness","text/html","E6QYKIKPCWRVK7EOADSUPNFLITI2BRM2"
"20231205222737","https://www.ricegroupinc.com/StaffProfiles","text/html","TE6LBQEZBADSNOKJVY4TCNIHVNHHQZ2V"
"20240913022653","https://www.ricegroupinc.com/StagingChecklist","text/html","GFTD53SMCQDVOL6WGW4ML5J3BAEQ6NJP"
"20231205214322","https://www.ricegroupinc.com/StagingServices","text/html","OSMR4G4V4JTFLV25ZJTKS5BKCXG3KA4M"
"20231205220258","https://www.ricegroupinc.com/StayingApproved","text/html","VFGTXWTGIPSAAK767RXBQURATFKZO47N"
"20231205212547","https://www.ricegroupinc.com/TaxClosingCosts","text/html","X7R6JDFTFUFJCMTHYWGCAQ4A4GCUIXVA"
"20231205222918","https://www.ricegroupinc.com/TheListingContract","text/html","MIUCVNKRZU4OSIXSCGKAYLCZCQFW5EKX"
"20231205223541","https://www.ricegroupinc.com/TitleInformation","text/html","WDGIA47FKXF4CQD4FW5AYKZ5PS2IDECT"
"20231205224820","https://www.ricegroupinc.com/TypesofListingContracts","text/html","4F4CWHFJYDYOTKD5Q2HQRWODJNJ4YEBA"
"20231205224858","https://www.ricegroupinc.com/What'sEarnestMoney","text/html","GWEFL2Y6EBP4Q7OYEFX6LS4V365RNHPJ"
"20231205225010","https://www.ricegroupinc.com/Whyaninspection","text/html","LM7MGTMBSINK26NNONXMQTNRBOIVLOQL"
"20240809100857","https://www.ricegroupinc.com/WhyChooseUs!","text/html","MESGDC6A6YHHWYZN6QTCQHVDSD23KWR3"
"20240913015806","https://www.ricegroupinc.com/WhyTitleInsurance","text/html","XQ776MNGJASZX5LLLBRLUDW54GWVQM3M"
"20231205223051","https://www.ricegroupinc.com/WritingtheOffer","text/html","5EFGTLUKE2RSMMMRD5QCVZJPVLWWYSE6"
"20250102221418","https://www.ricegroupinc.com/xSites/Agents/ricegroupinc/Content/UploadedFiles/IMG_20170916_110508_480%20(1).jpg","image/jpeg","A6DNG4OG6RZGGA74VH3EQM66TMYJLGK7"
"20220926204516","https://www.ricegroupinc.com/xSites/Agents/ricegroupinc/logo68164.jpg","image/jpeg","BB5AJHCNR4QWM3UQFANOGVUYGJ6IVJ6Z"
"20231205214051","https://www.ricegroupinc.com/YourBuyingPower","text/html","EAO3BER4NLWCM2LIFE2CD2B7RJ3OPBIA"
"20231205222558","https://www.ricegroupinc.com/YourDownPayment","text/html","MNAYJWA3FTHQKFQEXAFEIFX3EOTRZTC7"
"20231205221309","https://www.ricegroupinc.com/YourFICOscore","text/html","VOTJQBZAVTXXFLVWAQSSAL6LXSC2K4S7"
"20240913003318","https://www.ricegroupinc.com/Zebra","text/html","4Y45SM2AZ5D5GCLIYFLZFLDTOZLHWHBH"
